2026-06-17T00:51:37.268+05:30  INFO 14852 --- [food-delivery-system] [restartedMain] c.b.f.FoodDeliverySystemApplication      : Starting FoodDeliverySystemApplication using Java 25.0.1 with PID 14852 (C:\Users\gpbal\Downloads\food-delivery-system\food-delivery-system\target\classes started by gpbal in C:\Users\gpbal\Downloads\food-delivery-system)
2026-06-17T00:51:37.277+05:30 DEBUG 14852 --- [food-delivery-system] [restartedMain] c.b.f.FoodDeliverySystemApplication      : Running with Spring Boot v3.5.14, Spring v6.2.18
2026-06-17T00:51:37.277+05:30  INFO 14852 --- [food-delivery-system] [restartedMain] c.b.f.FoodDeliverySystemApplication      : No active profile set, falling back to 1 default profile: "default"
2026-06-17T00:51:37.377+05:30  INFO 14852 --- [food-delivery-system] [restartedMain] .e.DevToolsPropertyDefaultsPostProcessor : Devtools property defaults active! Set 'spring.devtools.add-properties' to 'false' to disable
2026-06-17T00:51:37.377+05:30  INFO 14852 --- [food-delivery-system] [restartedMain] .e.DevToolsPropertyDefaultsPostProcessor : For additional web related logging consider setting the 'logging.level.web' property to 'DEBUG'
2026-06-17T00:51:42.088+05:30  INFO 14852 --- [food-delivery-system] [restartedMain] .s.d.r.c.RepositoryConfigurationDelegate : Multiple Spring Data modules found, entering strict repository configuration mode
2026-06-17T00:51:42.092+05:30  INFO 14852 --- [food-delivery-system] [restartedMain] .s.d.r.c.RepositoryConfigurationDelegate : Bootstrapping Spring Data JPA repositories in DEFAULT mode.
2026-06-17T00:51:42.430+05:30  INFO 14852 --- [food-delivery-system] [restartedMain] .s.d.r.c.RepositoryConfigurationDelegate : Finished Spring Data repository scanning in 328 ms. Found 9 JPA repository interfaces.
2026-06-17T00:51:42.459+05:30  INFO 14852 --- [food-delivery-system] [restartedMain] .s.d.r.c.RepositoryConfigurationDelegate : Multiple Spring Data modules found, entering strict repository configuration mode
2026-06-17T00:51:42.461+05:30  INFO 14852 --- [food-delivery-system] [restartedMain] .s.d.r.c.RepositoryConfigurationDelegate : Bootstrapping Spring Data Redis repositories in DEFAULT mode.
2026-06-17T00:51:42.487+05:30  INFO 14852 --- [food-delivery-system] [restartedMain] .RepositoryConfigurationExtensionSupport : Spring Data Redis - Could not safely identify store assignment for repository candidate interface com.balu.food_delivery_system.repository.CartItemRepository; If you want this repository to be a Redis repository, consider annotating your entities with one of these annotations: org.springframework.data.redis.core.RedisHash (preferred), or consider extending one of the following types with your repository: org.springframework.data.keyvalue.repository.KeyValueRepository
2026-06-17T00:51:42.487+05:30  INFO 14852 --- [food-delivery-system] [restartedMain] .RepositoryConfigurationExtensionSupport : Spring Data Redis - Could not safely identify store assignment for repository candidate interface com.balu.food_delivery_system.repository.CartRepository; If you want this repository to be a Redis repository, consider annotating your entities with one of these annotations: org.springframework.data.redis.core.RedisHash (preferred), or consider extending one of the following types with your repository: org.springframework.data.keyvalue.repository.KeyValueRepository
2026-06-17T00:51:42.487+05:30  INFO 14852 --- [food-delivery-system] [restartedMain] .RepositoryConfigurationExtensionSupport : Spring Data Redis - Could not safely identify store assignment for repository candidate interface com.balu.food_delivery_system.repository.MenuCategoryRepository; If you want this repository to be a Redis repository, consider annotating your entities with one of these annotations: org.springframework.data.redis.core.RedisHash (preferred), or consider extending one of the following types with your repository: org.springframework.data.keyvalue.repository.KeyValueRepository
2026-06-17T00:51:42.487+05:30  INFO 14852 --- [food-delivery-system] [restartedMain] .RepositoryConfigurationExtensionSupport : Spring Data Redis - Could not safely identify store assignment for repository candidate interface com.balu.food_delivery_system.repository.MenuItemRepository; If you want this repository to be a Redis repository, consider annotating your entities with one of these annotations: org.springframework.data.redis.core.RedisHash (preferred), or consider extending one of the following types with your repository: org.springframework.data.keyvalue.repository.KeyValueRepository
2026-06-17T00:51:42.487+05:30  INFO 14852 --- [food-delivery-system] [restartedMain] .RepositoryConfigurationExtensionSupport : Spring Data Redis - Could not safely identify store assignment for repository candidate interface com.balu.food_delivery_system.repository.OrderItemRepository; If you want this repository to be a Redis repository, consider annotating your entities with one of these annotations: org.springframework.data.redis.core.RedisHash (preferred), or consider extending one of the following types with your repository: org.springframework.data.keyvalue.repository.KeyValueRepository
2026-06-17T00:51:42.487+05:30  INFO 14852 --- [food-delivery-system] [restartedMain] .RepositoryConfigurationExtensionSupport : Spring Data Redis - Could not safely identify store assignment for repository candidate interface com.balu.food_delivery_system.repository.OrderRepository; If you want this repository to be a Redis repository, consider annotating your entities with one of these annotations: org.springframework.data.redis.core.RedisHash (preferred), or consider extending one of the following types with your repository: org.springframework.data.keyvalue.repository.KeyValueRepository
2026-06-17T00:51:42.489+05:30  INFO 14852 --- [food-delivery-system] [restartedMain] .RepositoryConfigurationExtensionSupport : Spring Data Redis - Could not safely identify store assignment for repository candidate interface com.balu.food_delivery_system.repository.RefreshTokenRepository; If you want this repository to be a Redis repository, consider annotating your entities with one of these annotations: org.springframework.data.redis.core.RedisHash (preferred), or consider extending one of the following types with your repository: org.springframework.data.keyvalue.repository.KeyValueRepository
2026-06-17T00:51:42.489+05:30  INFO 14852 --- [food-delivery-system] [restartedMain] .RepositoryConfigurationExtensionSupport : Spring Data Redis - Could not safely identify store assignment for repository candidate interface com.balu.food_delivery_system.repository.RestaurantRepository; If you want this repository to be a Redis repository, consider annotating your entities with one of these annotations: org.springframework.data.redis.core.RedisHash (preferred), or consider extending one of the following types with your repository: org.springframework.data.keyvalue.repository.KeyValueRepository
2026-06-17T00:51:42.489+05:30  INFO 14852 --- [food-delivery-system] [restartedMain] .RepositoryConfigurationExtensionSupport : Spring Data Redis - Could not safely identify store assignment for repository candidate interface com.balu.food_delivery_system.repository.UserRepository; If you want this repository to be a Redis repository, consider annotating your entities with one of these annotations: org.springframework.data.redis.core.RedisHash (preferred), or consider extending one of the following types with your repository: org.springframework.data.keyvalue.repository.KeyValueRepository
2026-06-17T00:51:42.489+05:30  INFO 14852 --- [food-delivery-system] [restartedMain] .s.d.r.c.RepositoryConfigurationDelegate : Finished Spring Data repository scanning in 11 ms. Found 0 Redis repository interfaces.
2026-06-17T00:51:43.521+05:30  INFO 14852 --- [food-delivery-system] [restartedMain] o.s.b.w.embedded.tomcat.TomcatWebServer  : Tomcat initialized with port 8080 (http)
2026-06-17T00:51:43.547+05:30  INFO 14852 --- [food-delivery-system] [restartedMain] o.apache.catalina.core.StandardService   : Starting service [Tomcat]
2026-06-17T00:51:43.547+05:30  INFO 14852 --- [food-delivery-system] [restartedMain] o.apache.catalina.core.StandardEngine    : Starting Servlet engine: [Apache Tomcat/10.1.54]
2026-06-17T00:51:43.610+05:30  INFO 14852 --- [food-delivery-system] [restartedMain] o.a.c.c.C.[Tomcat].[localhost].[/]       : Initializing Spring embedded WebApplicationContext
2026-06-17T00:51:43.610+05:30  INFO 14852 --- [food-delivery-system] [restartedMain] w.s.c.ServletWebServerApplicationContext : Root WebApplicationContext: initialization completed in 6233 ms
2026-06-17T00:51:44.426+05:30  INFO 14852 --- [food-delivery-system] [restartedMain] o.hibernate.jpa.internal.util.LogHelper  : HHH000204: Processing PersistenceUnitInfo [name: default]
2026-06-17T00:51:44.741+05:30  INFO 14852 --- [food-delivery-system] [restartedMain] org.hibernate.Version                    : HHH000412: Hibernate ORM core version 6.6.49.Final
2026-06-17T00:51:44.885+05:30  INFO 14852 --- [food-delivery-system] [restartedMain] o.h.c.internal.RegionFactoryInitiator    : HHH000026: Second-level cache disabled
2026-06-17T00:51:45.766+05:30  INFO 14852 --- [food-delivery-system] [restartedMain] o.s.o.j.p.SpringPersistenceUnitInfo      : No LoadTimeWeaver setup: ignoring JPA class transformer
2026-06-17T00:51:45.846+05:30  INFO 14852 --- [food-delivery-system] [restartedMain] com.zaxxer.hikari.HikariDataSource       : HikariPool-1 - Starting...
2026-06-17T00:51:47.182+05:30  INFO 14852 --- [food-delivery-system] [restartedMain] com.zaxxer.hikari.pool.HikariPool        : HikariPool-1 - Added connection com.mysql.cj.jdbc.ConnectionImpl@7ad63207
2026-06-17T00:51:47.185+05:30  INFO 14852 --- [food-delivery-system] [restartedMain] com.zaxxer.hikari.HikariDataSource       : HikariPool-1 - Start completed.
2026-06-17T00:51:49.465+05:30  WARN 14852 --- [food-delivery-system] [restartedMain] org.hibernate.orm.deprecation            : HHH90000025: MySQLDialect does not need to be specified explicitly using 'hibernate.dialect' (remove the property setting and it will be selected by default)
2026-06-17T00:51:49.489+05:30  INFO 14852 --- [food-delivery-system] [restartedMain] org.hibernate.orm.connections.pooling    : HHH10001005: Database info:
	Database JDBC URL [Connecting through datasource 'HikariDataSource (HikariPool-1)']
	Database driver: undefined/unknown
	Database version: 9.6
	Autocommit mode: undefined/unknown
	Isolation level: undefined/unknown
	Minimum pool size: undefined/unknown
	Maximum pool size: undefined/unknown
2026-06-17T00:51:51.508+05:30  INFO 14852 --- [food-delivery-system] [restartedMain] o.h.e.t.j.p.i.JtaPlatformInitiator       : HHH000489: No JTA platform available (set 'hibernate.transaction.jta.platform' to enable JTA platform integration)
2026-06-17T00:51:53.828+05:30  INFO 14852 --- [food-delivery-system] [restartedMain] j.LocalContainerEntityManagerFactoryBean : Initialized JPA EntityManagerFactory for persistence unit 'default'
2026-06-17T00:51:54.355+05:30 DEBUG 14852 --- [food-delivery-system] [restartedMain] c.b.f.security.JwtFilter                 : Filter 'jwtFilter' configured for use
2026-06-17T00:51:55.941+05:30  INFO 14852 --- [food-delivery-system] [restartedMain] o.s.d.j.r.query.QueryEnhancerFactory     : Hibernate is in classpath; If applicable, HQL parser will be used.
2026-06-17T00:51:57.297+05:30  WARN 14852 --- [food-delivery-system] [restartedMain] JpaBaseConfiguration$JpaWebConfiguration : spring.jpa.open-in-view is enabled by default. Therefore, database queries may be performed during view rendering. Explicitly configure spring.jpa.open-in-view to disable this warning
2026-06-17T00:51:57.378+05:30  INFO 14852 --- [food-delivery-system] [restartedMain] eAuthenticationProviderManagerConfigurer : Global AuthenticationManager configured with AuthenticationProvider bean with name authenticationProvider
2026-06-17T00:51:57.378+05:30  WARN 14852 --- [food-delivery-system] [restartedMain] r$InitializeUserDetailsManagerConfigurer : Global AuthenticationManager configured with an AuthenticationProvider bean. UserDetailsService beans will not be used by Spring Security for automatically configuring username/password login. Consider removing the AuthenticationProvider bean. Alternatively, consider using the UserDetailsService in a manually instantiated DaoAuthenticationProvider. If the current configuration is intentional, to turn off this warning, increase the logging level of 'org.springframework.security.config.annotation.authentication.configuration.InitializeUserDetailsBeanManagerConfigurer' to ERROR
2026-06-17T00:51:58.954+05:30  INFO 14852 --- [food-delivery-system] [restartedMain] o.s.b.d.a.OptionalLiveReloadServer       : LiveReload server is running on port 35729
2026-06-17T00:51:59.041+05:30  INFO 14852 --- [food-delivery-system] [restartedMain] o.a.k.clients.admin.AdminClientConfig    : AdminClientConfig values: 
	auto.include.jmx.reporter = true
	bootstrap.controllers = []
	bootstrap.servers = [localhost:9092]
	client.dns.lookup = use_all_dns_ips
	client.id = food-delivery-system-admin-0
	connections.max.idle.ms = 300000
	default.api.timeout.ms = 60000
	enable.metrics.push = true
	metadata.max.age.ms = 300000
	metadata.recovery.strategy = none
	metric.reporters = []
	metrics.num.samples = 2
	metrics.recording.level = INFO
	metrics.sample.window.ms = 30000
	receive.buffer.bytes = 65536
	reconnect.backoff.max.ms = 1000
	reconnect.backoff.ms = 50
	request.timeout.ms = 30000
	retries = 2147483647
	retry.backoff.max.ms = 1000
	retry.backoff.ms = 100
	sasl.client.callback.handler.class = null
	sasl.jaas.config = null
	sasl.kerberos.kinit.cmd = /usr/bin/kinit
	sasl.kerberos.min.time.before.relogin = 60000
	sasl.kerberos.service.name = null
	sasl.kerberos.ticket.renew.jitter = 0.05
	sasl.kerberos.ticket.renew.window.factor = 0.8
	sasl.login.callback.handler.class = null
	sasl.login.class = null
	sasl.login.connect.timeout.ms = null
	sasl.login.read.timeout.ms = null
	sasl.login.refresh.buffer.seconds = 300
	sasl.login.refresh.min.period.seconds = 60
	sasl.login.refresh.window.factor = 0.8
	sasl.login.refresh.window.jitter = 0.05
	sasl.login.retry.backoff.max.ms = 10000
	sasl.login.retry.backoff.ms = 100
	sasl.mechanism = GSSAPI
	sasl.oauthbearer.clock.skew.seconds = 30
	sasl.oauthbearer.expected.audience = null
	sasl.oauthbearer.expected.issuer = null
	sasl.oauthbearer.header.urlencode = false
	sasl.oauthbearer.jwks.endpoint.refresh.ms = 3600000
	sasl.oauthbearer.jwks.endpoint.retry.backoff.max.ms = 10000
	sasl.oauthbearer.jwks.endpoint.retry.backoff.ms = 100
	sasl.oauthbearer.jwks.endpoint.url = null
	sasl.oauthbearer.scope.claim.name = scope
	sasl.oauthbearer.sub.claim.name = sub
	sasl.oauthbearer.token.endpoint.url = null
	security.protocol = PLAINTEXT
	security.providers = null
	send.buffer.bytes = 131072
	socket.connection.setup.timeout.max.ms = 30000
	socket.connection.setup.timeout.ms = 10000
	ssl.cipher.suites = null
	ssl.enabled.protocols = [TLSv1.2, TLSv1.3]
	ssl.endpoint.identification.algorithm = https
	ssl.engine.factory.class = null
	ssl.key.password = null
	ssl.keymanager.algorithm = SunX509
	ssl.keystore.certificate.chain = null
	ssl.keystore.key = null
	ssl.keystore.location = null
	ssl.keystore.password = null
	ssl.keystore.type = JKS
	ssl.protocol = TLSv1.3
	ssl.provider = null
	ssl.secure.random.implementation = null
	ssl.trustmanager.algorithm = PKIX
	ssl.truststore.certificates = null
	ssl.truststore.location = null
	ssl.truststore.password = null
	ssl.truststore.type = JKS

2026-06-17T00:51:59.850+05:30  INFO 14852 --- [food-delivery-system] [restartedMain] o.a.kafka.common.utils.AppInfoParser     : Kafka version: 3.9.2
2026-06-17T00:51:59.850+05:30  INFO 14852 --- [food-delivery-system] [restartedMain] o.a.kafka.common.utils.AppInfoParser     : Kafka commitId: 5e9866f43ab8e7e4
2026-06-17T00:51:59.850+05:30  INFO 14852 --- [food-delivery-system] [restartedMain] o.a.kafka.common.utils.AppInfoParser     : Kafka startTimeMs: 1781637719847
2026-06-17T00:51:59.878+05:30  INFO 14852 --- [food-delivery-system] [kafka-admin-client-thread | food-delivery-system-admin-0] org.apache.kafka.clients.NetworkClient   : [AdminClient clientId=food-delivery-system-admin-0] Node -1 disconnected.
2026-06-17T00:51:59.881+05:30  WARN 14852 --- [food-delivery-system] [kafka-admin-client-thread | food-delivery-system-admin-0] org.apache.kafka.clients.NetworkClient   : [AdminClient clientId=food-delivery-system-admin-0] Connection to node -1 (localhost/127.0.0.1:9092) could not be established. Node may not be available.
2026-06-17T00:51:59.986+05:30  INFO 14852 --- [food-delivery-system] [kafka-admin-client-thread | food-delivery-system-admin-0] org.apache.kafka.clients.NetworkClient   : [AdminClient clientId=food-delivery-system-admin-0] Node -1 disconnected.
2026-06-17T00:51:59.986+05:30  WARN 14852 --- [food-delivery-system] [kafka-admin-client-thread | food-delivery-system-admin-0] org.apache.kafka.clients.NetworkClient   : [AdminClient clientId=food-delivery-system-admin-0] Connection to node -1 (localhost/127.0.0.1:9092) could not be established. Node may not be available.
2026-06-17T00:52:00.188+05:30  INFO 14852 --- [food-delivery-system] [kafka-admin-client-thread | food-delivery-system-admin-0] org.apache.kafka.clients.NetworkClient   : [AdminClient clientId=food-delivery-system-admin-0] Node -1 disconnected.
2026-06-17T00:52:00.188+05:30  WARN 14852 --- [food-delivery-system] [kafka-admin-client-thread | food-delivery-system-admin-0] org.apache.kafka.clients.NetworkClient   : [AdminClient clientId=food-delivery-system-admin-0] Connection to node -1 (localhost/127.0.0.1:9092) could not be established. Node may not be available.
2026-06-17T00:52:00.389+05:30  INFO 14852 --- [food-delivery-system] [kafka-admin-client-thread | food-delivery-system-admin-0] org.apache.kafka.clients.NetworkClient   : [AdminClient clientId=food-delivery-system-admin-0] Node -1 disconnected.
2026-06-17T00:52:00.389+05:30  WARN 14852 --- [food-delivery-system] [kafka-admin-client-thread | food-delivery-system-admin-0] org.apache.kafka.clients.NetworkClient   : [AdminClient clientId=food-delivery-system-admin-0] Connection to node -1 (localhost/127.0.0.1:9092) could not be established. Node may not be available.
2026-06-17T00:52:00.792+05:30  INFO 14852 --- [food-delivery-system] [kafka-admin-client-thread | food-delivery-system-admin-0] org.apache.kafka.clients.NetworkClient   : [AdminClient clientId=food-delivery-system-admin-0] Node -1 disconnected.
2026-06-17T00:52:00.792+05:30  WARN 14852 --- [food-delivery-system] [kafka-admin-client-thread | food-delivery-system-admin-0] org.apache.kafka.clients.NetworkClient   : [AdminClient clientId=food-delivery-system-admin-0] Connection to node -1 (localhost/127.0.0.1:9092) could not be established. Node may not be available.
2026-06-17T00:52:01.497+05:30  INFO 14852 --- [food-delivery-system] [kafka-admin-client-thread | food-delivery-system-admin-0] org.apache.kafka.clients.NetworkClient   : [AdminClient clientId=food-delivery-system-admin-0] Node -1 disconnected.
2026-06-17T00:52:01.497+05:30  WARN 14852 --- [food-delivery-system] [kafka-admin-client-thread | food-delivery-system-admin-0] org.apache.kafka.clients.NetworkClient   : [AdminClient clientId=food-delivery-system-admin-0] Connection to node -1 (localhost/127.0.0.1:9092) could not be established. Node may not be available.
2026-06-17T00:52:02.561+05:30  INFO 14852 --- [food-delivery-system] [kafka-admin-client-thread | food-delivery-system-admin-0] org.apache.kafka.clients.NetworkClient   : [AdminClient clientId=food-delivery-system-admin-0] Node -1 disconnected.
2026-06-17T00:52:02.562+05:30  WARN 14852 --- [food-delivery-system] [kafka-admin-client-thread | food-delivery-system-admin-0] org.apache.kafka.clients.NetworkClient   : [AdminClient clientId=food-delivery-system-admin-0] Connection to node -1 (localhost/127.0.0.1:9092) could not be established. Node may not be available.
2026-06-17T00:52:03.656+05:30  INFO 14852 --- [food-delivery-system] [kafka-admin-client-thread | food-delivery-system-admin-0] org.apache.kafka.clients.NetworkClient   : [AdminClient clientId=food-delivery-system-admin-0] Node -1 disconnected.
2026-06-17T00:52:03.656+05:30  WARN 14852 --- [food-delivery-system] [kafka-admin-client-thread | food-delivery-system-admin-0] org.apache.kafka.clients.NetworkClient   : [AdminClient clientId=food-delivery-system-admin-0] Connection to node -1 (localhost/127.0.0.1:9092) could not be established. Node may not be available.
2026-06-17T00:52:04.668+05:30  INFO 14852 --- [food-delivery-system] [kafka-admin-client-thread | food-delivery-system-admin-0] org.apache.kafka.clients.NetworkClient   : [AdminClient clientId=food-delivery-system-admin-0] Node -1 disconnected.
2026-06-17T00:52:04.668+05:30  WARN 14852 --- [food-delivery-system] [kafka-admin-client-thread | food-delivery-system-admin-0] org.apache.kafka.clients.NetworkClient   : [AdminClient clientId=food-delivery-system-admin-0] Connection to node -1 (localhost/127.0.0.1:9092) could not be established. Node may not be available.
2026-06-17T00:52:05.680+05:30  INFO 14852 --- [food-delivery-system] [kafka-admin-client-thread | food-delivery-system-admin-0] org.apache.kafka.clients.NetworkClient   : [AdminClient clientId=food-delivery-system-admin-0] Node -1 disconnected.
2026-06-17T00:52:05.680+05:30  WARN 14852 --- [food-delivery-system] [kafka-admin-client-thread | food-delivery-system-admin-0] org.apache.kafka.clients.NetworkClient   : [AdminClient clientId=food-delivery-system-admin-0] Connection to node -1 (localhost/127.0.0.1:9092) could not be established. Node may not be available.
2026-06-17T00:52:06.686+05:30  INFO 14852 --- [food-delivery-system] [kafka-admin-client-thread | food-delivery-system-admin-0] org.apache.kafka.clients.NetworkClient   : [AdminClient clientId=food-delivery-system-admin-0] Node -1 disconnected.
2026-06-17T00:52:06.686+05:30  WARN 14852 --- [food-delivery-system] [kafka-admin-client-thread | food-delivery-system-admin-0] org.apache.kafka.clients.NetworkClient   : [AdminClient clientId=food-delivery-system-admin-0] Connection to node -1 (localhost/127.0.0.1:9092) could not be established. Node may not be available.
2026-06-17T00:52:07.694+05:30  INFO 14852 --- [food-delivery-system] [kafka-admin-client-thread | food-delivery-system-admin-0] org.apache.kafka.clients.NetworkClient   : [AdminClient clientId=food-delivery-system-admin-0] Node -1 disconnected.
2026-06-17T00:52:07.697+05:30  WARN 14852 --- [food-delivery-system] [kafka-admin-client-thread | food-delivery-system-admin-0] org.apache.kafka.clients.NetworkClient   : [AdminClient clientId=food-delivery-system-admin-0] Connection to node -1 (localhost/127.0.0.1:9092) could not be established. Node may not be available.
2026-06-17T00:52:08.705+05:30  INFO 14852 --- [food-delivery-system] [kafka-admin-client-thread | food-delivery-system-admin-0] org.apache.kafka.clients.NetworkClient   : [AdminClient clientId=food-delivery-system-admin-0] Node -1 disconnected.
2026-06-17T00:52:08.705+05:30  WARN 14852 --- [food-delivery-system] [kafka-admin-client-thread | food-delivery-system-admin-0] org.apache.kafka.clients.NetworkClient   : [AdminClient clientId=food-delivery-system-admin-0] Connection to node -1 (localhost/127.0.0.1:9092) could not be established. Node may not be available.
2026-06-17T00:52:09.715+05:30  INFO 14852 --- [food-delivery-system] [kafka-admin-client-thread | food-delivery-system-admin-0] org.apache.kafka.clients.NetworkClient   : [AdminClient clientId=food-delivery-system-admin-0] Node -1 disconnected.
2026-06-17T00:52:09.715+05:30  WARN 14852 --- [food-delivery-system] [kafka-admin-client-thread | food-delivery-system-admin-0] org.apache.kafka.clients.NetworkClient   : [AdminClient clientId=food-delivery-system-admin-0] Connection to node -1 (localhost/127.0.0.1:9092) could not be established. Node may not be available.
2026-06-17T00:52:10.720+05:30  INFO 14852 --- [food-delivery-system] [kafka-admin-client-thread | food-delivery-system-admin-0] org.apache.kafka.clients.NetworkClient   : [AdminClient clientId=food-delivery-system-admin-0] Node -1 disconnected.
2026-06-17T00:52:10.720+05:30  WARN 14852 --- [food-delivery-system] [kafka-admin-client-thread | food-delivery-system-admin-0] org.apache.kafka.clients.NetworkClient   : [AdminClient clientId=food-delivery-system-admin-0] Connection to node -1 (localhost/127.0.0.1:9092) could not be established. Node may not be available.
2026-06-17T00:52:11.727+05:30  INFO 14852 --- [food-delivery-system] [kafka-admin-client-thread | food-delivery-system-admin-0] org.apache.kafka.clients.NetworkClient   : [AdminClient clientId=food-delivery-system-admin-0] Node -1 disconnected.
2026-06-17T00:52:11.727+05:30  WARN 14852 --- [food-delivery-system] [kafka-admin-client-thread | food-delivery-system-admin-0] org.apache.kafka.clients.NetworkClient   : [AdminClient clientId=food-delivery-system-admin-0] Connection to node -1 (localhost/127.0.0.1:9092) could not be established. Node may not be available.
2026-06-17T00:52:12.736+05:30  INFO 14852 --- [food-delivery-system] [kafka-admin-client-thread | food-delivery-system-admin-0] org.apache.kafka.clients.NetworkClient   : [AdminClient clientId=food-delivery-system-admin-0] Node -1 disconnected.
2026-06-17T00:52:12.736+05:30  WARN 14852 --- [food-delivery-system] [kafka-admin-client-thread | food-delivery-system-admin-0] org.apache.kafka.clients.NetworkClient   : [AdminClient clientId=food-delivery-system-admin-0] Connection to node -1 (localhost/127.0.0.1:9092) could not be established. Node may not be available.
2026-06-17T00:52:13.692+05:30  INFO 14852 --- [food-delivery-system] [kafka-admin-client-thread | food-delivery-system-admin-0] org.apache.kafka.clients.NetworkClient   : [AdminClient clientId=food-delivery-system-admin-0] Node -1 disconnected.
2026-06-17T00:52:13.692+05:30  WARN 14852 --- [food-delivery-system] [kafka-admin-client-thread | food-delivery-system-admin-0] org.apache.kafka.clients.NetworkClient   : [AdminClient clientId=food-delivery-system-admin-0] Connection to node -1 (localhost/127.0.0.1:9092) could not be established. Node may not be available.
2026-06-17T00:52:14.747+05:30  INFO 14852 --- [food-delivery-system] [kafka-admin-client-thread | food-delivery-system-admin-0] org.apache.kafka.clients.NetworkClient   : [AdminClient clientId=food-delivery-system-admin-0] Node -1 disconnected.
2026-06-17T00:52:14.747+05:30  WARN 14852 --- [food-delivery-system] [kafka-admin-client-thread | food-delivery-system-admin-0] org.apache.kafka.clients.NetworkClient   : [AdminClient clientId=food-delivery-system-admin-0] Connection to node -1 (localhost/127.0.0.1:9092) could not be established. Node may not be available.
2026-06-17T00:52:15.804+05:30  INFO 14852 --- [food-delivery-system] [kafka-admin-client-thread | food-delivery-system-admin-0] org.apache.kafka.clients.NetworkClient   : [AdminClient clientId=food-delivery-system-admin-0] Node -1 disconnected.
2026-06-17T00:52:15.804+05:30  WARN 14852 --- [food-delivery-system] [kafka-admin-client-thread | food-delivery-system-admin-0] org.apache.kafka.clients.NetworkClient   : [AdminClient clientId=food-delivery-system-admin-0] Connection to node -1 (localhost/127.0.0.1:9092) could not be established. Node may not be available.
2026-06-17T00:52:16.889+05:30  INFO 14852 --- [food-delivery-system] [kafka-admin-client-thread | food-delivery-system-admin-0] org.apache.kafka.clients.NetworkClient   : [AdminClient clientId=food-delivery-system-admin-0] Node -1 disconnected.
2026-06-17T00:52:16.889+05:30  WARN 14852 --- [food-delivery-system] [kafka-admin-client-thread | food-delivery-system-admin-0] org.apache.kafka.clients.NetworkClient   : [AdminClient clientId=food-delivery-system-admin-0] Connection to node -1 (localhost/127.0.0.1:9092) could not be established. Node may not be available.
2026-06-17T00:52:17.892+05:30  INFO 14852 --- [food-delivery-system] [kafka-admin-client-thread | food-delivery-system-admin-0] org.apache.kafka.clients.NetworkClient   : [AdminClient clientId=food-delivery-system-admin-0] Node -1 disconnected.
2026-06-17T00:52:17.892+05:30  WARN 14852 --- [food-delivery-system] [kafka-admin-client-thread | food-delivery-system-admin-0] org.apache.kafka.clients.NetworkClient   : [AdminClient clientId=food-delivery-system-admin-0] Connection to node -1 (localhost/127.0.0.1:9092) could not be established. Node may not be available.
2026-06-17T00:52:18.792+05:30  INFO 14852 --- [food-delivery-system] [kafka-admin-client-thread | food-delivery-system-admin-0] org.apache.kafka.clients.NetworkClient   : [AdminClient clientId=food-delivery-system-admin-0] Node -1 disconnected.
2026-06-17T00:52:18.792+05:30  WARN 14852 --- [food-delivery-system] [kafka-admin-client-thread | food-delivery-system-admin-0] org.apache.kafka.clients.NetworkClient   : [AdminClient clientId=food-delivery-system-admin-0] Connection to node -1 (localhost/127.0.0.1:9092) could not be established. Node may not be available.
2026-06-17T00:52:19.671+05:30  INFO 14852 --- [food-delivery-system] [kafka-admin-client-thread | food-delivery-system-admin-0] org.apache.kafka.clients.NetworkClient   : [AdminClient clientId=food-delivery-system-admin-0] Node -1 disconnected.
2026-06-17T00:52:19.671+05:30  WARN 14852 --- [food-delivery-system] [kafka-admin-client-thread | food-delivery-system-admin-0] org.apache.kafka.clients.NetworkClient   : [AdminClient clientId=food-delivery-system-admin-0] Connection to node -1 (localhost/127.0.0.1:9092) could not be established. Node may not be available.
2026-06-17T00:52:20.771+05:30  INFO 14852 --- [food-delivery-system] [kafka-admin-client-thread | food-delivery-system-admin-0] org.apache.kafka.clients.NetworkClient   : [AdminClient clientId=food-delivery-system-admin-0] Node -1 disconnected.
2026-06-17T00:52:20.771+05:30  WARN 14852 --- [food-delivery-system] [kafka-admin-client-thread | food-delivery-system-admin-0] org.apache.kafka.clients.NetworkClient   : [AdminClient clientId=food-delivery-system-admin-0] Connection to node -1 (localhost/127.0.0.1:9092) could not be established. Node may not be available.
2026-06-17T00:52:21.770+05:30  INFO 14852 --- [food-delivery-system] [kafka-admin-client-thread | food-delivery-system-admin-0] org.apache.kafka.clients.NetworkClient   : [AdminClient clientId=food-delivery-system-admin-0] Node -1 disconnected.
2026-06-17T00:52:21.770+05:30  WARN 14852 --- [food-delivery-system] [kafka-admin-client-thread | food-delivery-system-admin-0] org.apache.kafka.clients.NetworkClient   : [AdminClient clientId=food-delivery-system-admin-0] Connection to node -1 (localhost/127.0.0.1:9092) could not be established. Node may not be available.
2026-06-17T00:52:22.743+05:30  INFO 14852 --- [food-delivery-system] [kafka-admin-client-thread | food-delivery-system-admin-0] org.apache.kafka.clients.NetworkClient   : [AdminClient clientId=food-delivery-system-admin-0] Node -1 disconnected.
2026-06-17T00:52:22.744+05:30  WARN 14852 --- [food-delivery-system] [kafka-admin-client-thread | food-delivery-system-admin-0] org.apache.kafka.clients.NetworkClient   : [AdminClient clientId=food-delivery-system-admin-0] Connection to node -1 (localhost/127.0.0.1:9092) could not be established. Node may not be available.
2026-06-17T00:52:23.784+05:30  INFO 14852 --- [food-delivery-system] [kafka-admin-client-thread | food-delivery-system-admin-0] org.apache.kafka.clients.NetworkClient   : [AdminClient clientId=food-delivery-system-admin-0] Node -1 disconnected.
2026-06-17T00:52:23.784+05:30  WARN 14852 --- [food-delivery-system] [kafka-admin-client-thread | food-delivery-system-admin-0] org.apache.kafka.clients.NetworkClient   : [AdminClient clientId=food-delivery-system-admin-0] Connection to node -1 (localhost/127.0.0.1:9092) could not be established. Node may not be available.
2026-06-17T00:52:24.855+05:30  INFO 14852 --- [food-delivery-system] [kafka-admin-client-thread | food-delivery-system-admin-0] org.apache.kafka.clients.NetworkClient   : [AdminClient clientId=food-delivery-system-admin-0] Node -1 disconnected.
2026-06-17T00:52:24.855+05:30  WARN 14852 --- [food-delivery-system] [kafka-admin-client-thread | food-delivery-system-admin-0] org.apache.kafka.clients.NetworkClient   : [AdminClient clientId=food-delivery-system-admin-0] Connection to node -1 (localhost/127.0.0.1:9092) could not be established. Node may not be available.
2026-06-17T00:52:25.862+05:30  INFO 14852 --- [food-delivery-system] [kafka-admin-client-thread | food-delivery-system-admin-0] org.apache.kafka.clients.NetworkClient   : [AdminClient clientId=food-delivery-system-admin-0] Node -1 disconnected.
2026-06-17T00:52:25.864+05:30  WARN 14852 --- [food-delivery-system] [kafka-admin-client-thread | food-delivery-system-admin-0] org.apache.kafka.clients.NetworkClient   : [AdminClient clientId=food-delivery-system-admin-0] Connection to node -1 (localhost/127.0.0.1:9092) could not be established. Node may not be available.
2026-06-17T00:52:26.866+05:30  INFO 14852 --- [food-delivery-system] [kafka-admin-client-thread | food-delivery-system-admin-0] org.apache.kafka.clients.NetworkClient   : [AdminClient clientId=food-delivery-system-admin-0] Node -1 disconnected.
2026-06-17T00:52:26.866+05:30  WARN 14852 --- [food-delivery-system] [kafka-admin-client-thread | food-delivery-system-admin-0] org.apache.kafka.clients.NetworkClient   : [AdminClient clientId=food-delivery-system-admin-0] Connection to node -1 (localhost/127.0.0.1:9092) could not be established. Node may not be available.
2026-06-17T00:52:27.757+05:30  INFO 14852 --- [food-delivery-system] [kafka-admin-client-thread | food-delivery-system-admin-0] org.apache.kafka.clients.NetworkClient   : [AdminClient clientId=food-delivery-system-admin-0] Node -1 disconnected.
2026-06-17T00:52:27.757+05:30  WARN 14852 --- [food-delivery-system] [kafka-admin-client-thread | food-delivery-system-admin-0] org.apache.kafka.clients.NetworkClient   : [AdminClient clientId=food-delivery-system-admin-0] Connection to node -1 (localhost/127.0.0.1:9092) could not be established. Node may not be available.
2026-06-17T00:52:28.747+05:30  INFO 14852 --- [food-delivery-system] [kafka-admin-client-thread | food-delivery-system-admin-0] org.apache.kafka.clients.NetworkClient   : [AdminClient clientId=food-delivery-system-admin-0] Node -1 disconnected.
2026-06-17T00:52:28.747+05:30  WARN 14852 --- [food-delivery-system] [kafka-admin-client-thread | food-delivery-system-admin-0] org.apache.kafka.clients.NetworkClient   : [AdminClient clientId=food-delivery-system-admin-0] Connection to node -1 (localhost/127.0.0.1:9092) could not be established. Node may not be available.
2026-06-17T00:52:29.713+05:30  INFO 14852 --- [food-delivery-system] [kafka-admin-client-thread | food-delivery-system-admin-0] org.apache.kafka.clients.NetworkClient   : [AdminClient clientId=food-delivery-system-admin-0] Node -1 disconnected.
2026-06-17T00:52:29.713+05:30  WARN 14852 --- [food-delivery-system] [kafka-admin-client-thread | food-delivery-system-admin-0] org.apache.kafka.clients.NetworkClient   : [AdminClient clientId=food-delivery-system-admin-0] Connection to node -1 (localhost/127.0.0.1:9092) could not be established. Node may not be available.
2026-06-17T00:52:29.865+05:30  INFO 14852 --- [food-delivery-system] [kafka-admin-client-thread | food-delivery-system-admin-0] o.a.k.c.a.i.AdminMetadataManager         : [AdminClient clientId=food-delivery-system-admin-0] Metadata update failed

org.apache.kafka.common.errors.TimeoutException: Timed out waiting for a node assignment. Call: fetchMetadata

2026-06-17T00:52:29.865+05:30 ERROR 14852 --- [food-delivery-system] [restartedMain] o.springframework.kafka.core.KafkaAdmin  : Could not configure topics

java.util.concurrent.TimeoutException
	at java.base/java.util.concurrent.CompletableFuture.timedGet(CompletableFuture.java:1981) ~[na:na]
	at java.base/java.util.concurrent.CompletableFuture.get(CompletableFuture.java:2116) ~[na:na]
	at org.apache.kafka.common.internals.KafkaFutureImpl.get(KafkaFutureImpl.java:183) ~[kafka-clients-3.9.2.jar:na]
	at org.springframework.kafka.core.KafkaAdmin.updateClusterId(KafkaAdmin.java:305) ~[spring-kafka-3.3.15.jar:3.3.15]
	at org.springframework.kafka.core.KafkaAdmin.initialize(KafkaAdmin.java:276) ~[spring-kafka-3.3.15.jar:3.3.15]
	at org.springframework.kafka.core.KafkaAdmin.afterSingletonsInstantiated(KafkaAdmin.java:246) ~[spring-kafka-3.3.15.jar:3.3.15]
	at org.springframework.beans.factory.support.DefaultListableBeanFactory.preInstantiateSingletons(DefaultListableBeanFactory.java:1156) ~[spring-beans-6.2.18.jar:6.2.18]
	at org.springframework.context.support.AbstractApplicationContext.finishBeanFactoryInitialization(AbstractApplicationContext.java:991) ~[spring-context-6.2.18.jar:6.2.18]
	at org.springframework.context.support.AbstractApplicationContext.refresh(AbstractApplicationContext.java:628) ~[spring-context-6.2.18.jar:6.2.18]
	at org.springframework.boot.web.servlet.context.ServletWebServerApplicationContext.refresh(ServletWebServerApplicationContext.java:146) ~[spring-boot-3.5.14.jar:3.5.14]
	at org.springframework.boot.SpringApplication.refresh(SpringApplication.java:752) ~[spring-boot-3.5.14.jar:3.5.14]
	at org.springframework.boot.SpringApplication.refreshContext(SpringApplication.java:439) ~[spring-boot-3.5.14.jar:3.5.14]
	at org.springframework.boot.SpringApplication.run(SpringApplication.java:318) ~[spring-boot-3.5.14.jar:3.5.14]
	at org.springframework.boot.SpringApplication.run(SpringApplication.java:1361) ~[spring-boot-3.5.14.jar:3.5.14]
	at org.springframework.boot.SpringApplication.run(SpringApplication.java:1350) ~[spring-boot-3.5.14.jar:3.5.14]
	at com.balu.food_delivery_system.FoodDeliverySystemApplication.main(FoodDeliverySystemApplication.java:16) ~[classes/:na]
	at java.base/jdk.internal.reflect.DirectMethodHandleAccessor.invoke(DirectMethodHandleAccessor.java:104) ~[na:na]
	at java.base/java.lang.reflect.Method.invoke(Method.java:565) ~[na:na]
	at org.springframework.boot.devtools.restart.RestartLauncher.run(RestartLauncher.java:50) ~[spring-boot-devtools-3.5.14.jar:3.5.14]

2026-06-17T00:52:30.727+05:30  INFO 14852 --- [food-delivery-system] [kafka-admin-client-thread | food-delivery-system-admin-0] org.apache.kafka.clients.NetworkClient   : [AdminClient clientId=food-delivery-system-admin-0] Node -1 disconnected.
2026-06-17T00:52:30.727+05:30  WARN 14852 --- [food-delivery-system] [kafka-admin-client-thread | food-delivery-system-admin-0] org.apache.kafka.clients.NetworkClient   : [AdminClient clientId=food-delivery-system-admin-0] Connection to node -1 (localhost/127.0.0.1:9092) could not be established. Node may not be available.
2026-06-17T00:52:31.618+05:30  INFO 14852 --- [food-delivery-system] [kafka-admin-client-thread | food-delivery-system-admin-0] org.apache.kafka.clients.NetworkClient   : [AdminClient clientId=food-delivery-system-admin-0] Node -1 disconnected.
2026-06-17T00:52:31.618+05:30  WARN 14852 --- [food-delivery-system] [kafka-admin-client-thread | food-delivery-system-admin-0] org.apache.kafka.clients.NetworkClient   : [AdminClient clientId=food-delivery-system-admin-0] Connection to node -1 (localhost/127.0.0.1:9092) could not be established. Node may not be available.
2026-06-17T00:52:32.506+05:30  INFO 14852 --- [food-delivery-system] [kafka-admin-client-thread | food-delivery-system-admin-0] org.apache.kafka.clients.NetworkClient   : [AdminClient clientId=food-delivery-system-admin-0] Node -1 disconnected.
2026-06-17T00:52:32.506+05:30  WARN 14852 --- [food-delivery-system] [kafka-admin-client-thread | food-delivery-system-admin-0] org.apache.kafka.clients.NetworkClient   : [AdminClient clientId=food-delivery-system-admin-0] Connection to node -1 (localhost/127.0.0.1:9092) could not be established. Node may not be available.
2026-06-17T00:52:33.398+05:30  INFO 14852 --- [food-delivery-system] [kafka-admin-client-thread | food-delivery-system-admin-0] org.apache.kafka.clients.NetworkClient   : [AdminClient clientId=food-delivery-system-admin-0] Node -1 disconnected.
2026-06-17T00:52:33.398+05:30  WARN 14852 --- [food-delivery-system] [kafka-admin-client-thread | food-delivery-system-admin-0] org.apache.kafka.clients.NetworkClient   : [AdminClient clientId=food-delivery-system-admin-0] Connection to node -1 (localhost/127.0.0.1:9092) could not be established. Node may not be available.
2026-06-17T00:52:34.407+05:30  INFO 14852 --- [food-delivery-system] [kafka-admin-client-thread | food-delivery-system-admin-0] org.apache.kafka.clients.NetworkClient   : [AdminClient clientId=food-delivery-system-admin-0] Node -1 disconnected.
2026-06-17T00:52:34.407+05:30  WARN 14852 --- [food-delivery-system] [kafka-admin-client-thread | food-delivery-system-admin-0] org.apache.kafka.clients.NetworkClient   : [AdminClient clientId=food-delivery-system-admin-0] Connection to node -1 (localhost/127.0.0.1:9092) could not be established. Node may not be available.
2026-06-17T00:52:35.407+05:30  INFO 14852 --- [food-delivery-system] [kafka-admin-client-thread | food-delivery-system-admin-0] org.apache.kafka.clients.NetworkClient   : [AdminClient clientId=food-delivery-system-admin-0] Node -1 disconnected.
2026-06-17T00:52:35.407+05:30  WARN 14852 --- [food-delivery-system] [kafka-admin-client-thread | food-delivery-system-admin-0] org.apache.kafka.clients.NetworkClient   : [AdminClient clientId=food-delivery-system-admin-0] Connection to node -1 (localhost/127.0.0.1:9092) could not be established. Node may not be available.
2026-06-17T00:52:36.395+05:30  INFO 14852 --- [food-delivery-system] [kafka-admin-client-thread | food-delivery-system-admin-0] org.apache.kafka.clients.NetworkClient   : [AdminClient clientId=food-delivery-system-admin-0] Node -1 disconnected.
2026-06-17T00:52:36.396+05:30  WARN 14852 --- [food-delivery-system] [kafka-admin-client-thread | food-delivery-system-admin-0] org.apache.kafka.clients.NetworkClient   : [AdminClient clientId=food-delivery-system-admin-0] Connection to node -1 (localhost/127.0.0.1:9092) could not be established. Node may not be available.
2026-06-17T00:52:37.375+05:30  INFO 14852 --- [food-delivery-system] [kafka-admin-client-thread | food-delivery-system-admin-0] org.apache.kafka.clients.NetworkClient   : [AdminClient clientId=food-delivery-system-admin-0] Node -1 disconnected.
2026-06-17T00:52:37.375+05:30  WARN 14852 --- [food-delivery-system] [kafka-admin-client-thread | food-delivery-system-admin-0] org.apache.kafka.clients.NetworkClient   : [AdminClient clientId=food-delivery-system-admin-0] Connection to node -1 (localhost/127.0.0.1:9092) could not be established. Node may not be available.
2026-06-17T00:52:38.356+05:30  INFO 14852 --- [food-delivery-system] [kafka-admin-client-thread | food-delivery-system-admin-0] org.apache.kafka.clients.NetworkClient   : [AdminClient clientId=food-delivery-system-admin-0] Node -1 disconnected.
2026-06-17T00:52:38.357+05:30  WARN 14852 --- [food-delivery-system] [kafka-admin-client-thread | food-delivery-system-admin-0] org.apache.kafka.clients.NetworkClient   : [AdminClient clientId=food-delivery-system-admin-0] Connection to node -1 (localhost/127.0.0.1:9092) could not be established. Node may not be available.
2026-06-17T00:52:39.451+05:30  INFO 14852 --- [food-delivery-system] [kafka-admin-client-thread | food-delivery-system-admin-0] org.apache.kafka.clients.NetworkClient   : [AdminClient clientId=food-delivery-system-admin-0] Node -1 disconnected.
2026-06-17T00:52:39.451+05:30  WARN 14852 --- [food-delivery-system] [kafka-admin-client-thread | food-delivery-system-admin-0] org.apache.kafka.clients.NetworkClient   : [AdminClient clientId=food-delivery-system-admin-0] Connection to node -1 (localhost/127.0.0.1:9092) could not be established. Node may not be available.
2026-06-17T00:52:39.870+05:30  INFO 14852 --- [food-delivery-system] [kafka-admin-client-thread | food-delivery-system-admin-0] o.a.k.clients.admin.KafkaAdminClient     : [AdminClient clientId=food-delivery-system-admin-0] Forcing a hard I/O thread shutdown. Requests in progress will be aborted.
2026-06-17T00:52:39.870+05:30  INFO 14852 --- [food-delivery-system] [kafka-admin-client-thread | food-delivery-system-admin-0] o.a.kafka.common.utils.AppInfoParser     : App info kafka.admin.client for food-delivery-system-admin-0 unregistered
2026-06-17T00:52:39.870+05:30  INFO 14852 --- [food-delivery-system] [kafka-admin-client-thread | food-delivery-system-admin-0] o.a.k.c.a.i.AdminMetadataManager         : [AdminClient clientId=food-delivery-system-admin-0] Metadata update failed

org.apache.kafka.common.errors.TimeoutException: The AdminClient thread has exited. Call: fetchMetadata

2026-06-17T00:52:39.872+05:30  INFO 14852 --- [food-delivery-system] [kafka-admin-client-thread | food-delivery-system-admin-0] o.a.k.clients.admin.KafkaAdminClient     : [AdminClient clientId=food-delivery-system-admin-0] Timed out 2 remaining operation(s) during close.
2026-06-17T00:52:39.875+05:30  INFO 14852 --- [food-delivery-system] [kafka-admin-client-thread | food-delivery-system-admin-0] o.apache.kafka.common.metrics.Metrics    : Metrics scheduler closed
2026-06-17T00:52:39.875+05:30  INFO 14852 --- [food-delivery-system] [kafka-admin-client-thread | food-delivery-system-admin-0] o.apache.kafka.common.metrics.Metrics    : Closing reporter org.apache.kafka.common.metrics.JmxReporter
2026-06-17T00:52:39.875+05:30  INFO 14852 --- [food-delivery-system] [kafka-admin-client-thread | food-delivery-system-admin-0] o.apache.kafka.common.metrics.Metrics    : Metrics reporters closed
2026-06-17T00:52:39.895+05:30  INFO 14852 --- [food-delivery-system] [restartedMain] o.s.b.w.embedded.tomcat.TomcatWebServer  : Tomcat started on port 8080 (http) with context path '/'
2026-06-17T00:52:39.899+05:30  INFO 14852 --- [food-delivery-system] [restartedMain] o.s.a.r.c.CachingConnectionFactory       : Attempting to connect to: [localhost:5672]
2026-06-17T00:52:44.924+05:30  WARN 14852 --- [food-delivery-system] [AMQP Connection 127.0.0.1:5672] c.r.c.impl.ForgivingExceptionHandler     : An unexpected connection driver error occurred (Exception message: Socket closed)
2026-06-17T00:52:46.547+05:30  INFO 14852 --- [food-delivery-system] [restartedMain] o.s.a.r.c.CachingConnectionFactory       : Created new connection: rabbitConnectionFactory#a8c57e5:0/SimpleConnection@374cdccf [delegate=amqp://guest@0:0:0:0:0:0:0:1:5672/, localPort=53888]
2026-06-17T00:52:48.151+05:30  INFO 14852 --- [food-delivery-system] [restartedMain] c.b.f.FoodDeliverySystemApplication      : Started FoodDeliverySystemApplication in 71.869 seconds (process running for 74.143)
2026-06-17T00:52:48.157+05:30  INFO 14852 --- [food-delivery-system] [scheduling-1] c.b.f.service.OrderSchedulerService      : [SCHEDULER] Checking for unpaid orders...
2026-06-17T00:52:48.407+05:30  INFO 14852 --- [food-delivery-system] [scheduling-1] c.b.f.service.OrderSchedulerService      : [SCHEDULER] No unpaid orders found.
2026-06-17T00:53:22.750+05:30  INFO 14852 --- [food-delivery-system] [org.springframework.amqp.rabbit.RabbitListenerEndpointContainer#0-2] o.s.a.r.l.SimpleMessageListenerContainer : Waiting for workers to finish.
2026-06-17T00:53:23.360+05:30  INFO 14852 --- [food-delivery-system] [org.springframework.amqp.rabbit.RabbitListenerEndpointContainer#0-2] o.s.a.r.l.SimpleMessageListenerContainer : Successfully waited for workers to finish.
2026-06-17T00:53:23.362+05:30  INFO 14852 --- [food-delivery-system] [SpringApplicationShutdownHook] o.s.b.w.e.tomcat.GracefulShutdown        : Commencing graceful shutdown. Waiting for active requests to complete
2026-06-17T00:53:23.370+05:30  INFO 14852 --- [food-delivery-system] [tomcat-shutdown] o.s.b.w.e.tomcat.GracefulShutdown        : Graceful shutdown complete
2026-06-17T00:53:23.428+05:30  INFO 14852 --- [food-delivery-system] [SpringApplicationShutdownHook] j.LocalContainerEntityManagerFactoryBean : Closing JPA EntityManagerFactory for persistence unit 'default'
2026-06-17T00:53:23.432+05:30  INFO 14852 --- [food-delivery-system] [SpringApplicationShutdownHook] com.zaxxer.hikari.HikariDataSource       : HikariPool-1 - Shutdown initiated...
2026-06-17T00:53:23.439+05:30  INFO 14852 --- [food-delivery-system] [SpringApplicationShutdownHook] com.zaxxer.hikari.HikariDataSource       : HikariPool-1 - Shutdown completed.
2026-06-17T00:53:34.556+05:30  INFO 12012 --- [food-delivery-system] [restartedMain] c.b.f.FoodDeliverySystemApplication      : Starting FoodDeliverySystemApplication using Java 25.0.1 with PID 12012 (C:\Users\gpbal\Downloads\food-delivery-system\food-delivery-system\target\classes started by gpbal in C:\Users\gpbal\Downloads\food-delivery-system)
2026-06-17T00:53:34.558+05:30 DEBUG 12012 --- [food-delivery-system] [restartedMain] c.b.f.FoodDeliverySystemApplication      : Running with Spring Boot v3.5.14, Spring v6.2.18
2026-06-17T00:53:34.559+05:30  INFO 12012 --- [food-delivery-system] [restartedMain] c.b.f.FoodDeliverySystemApplication      : No active profile set, falling back to 1 default profile: "default"
2026-06-17T00:53:34.633+05:30  INFO 12012 --- [food-delivery-system] [restartedMain] .e.DevToolsPropertyDefaultsPostProcessor : Devtools property defaults active! Set 'spring.devtools.add-properties' to 'false' to disable
2026-06-17T00:53:34.633+05:30  INFO 12012 --- [food-delivery-system] [restartedMain] .e.DevToolsPropertyDefaultsPostProcessor : For additional web related logging consider setting the 'logging.level.web' property to 'DEBUG'
2026-06-17T00:53:35.998+05:30  INFO 12012 --- [food-delivery-system] [restartedMain] .s.d.r.c.RepositoryConfigurationDelegate : Multiple Spring Data modules found, entering strict repository configuration mode
2026-06-17T00:53:35.999+05:30  INFO 12012 --- [food-delivery-system] [restartedMain] .s.d.r.c.RepositoryConfigurationDelegate : Bootstrapping Spring Data JPA repositories in DEFAULT mode.
2026-06-17T00:53:36.341+05:30  INFO 12012 --- [food-delivery-system] [restartedMain] .s.d.r.c.RepositoryConfigurationDelegate : Finished Spring Data repository scanning in 332 ms. Found 9 JPA repository interfaces.
2026-06-17T00:53:36.365+05:30  INFO 12012 --- [food-delivery-system] [restartedMain] .s.d.r.c.RepositoryConfigurationDelegate : Multiple Spring Data modules found, entering strict repository configuration mode
2026-06-17T00:53:36.375+05:30  INFO 12012 --- [food-delivery-system] [restartedMain] .s.d.r.c.RepositoryConfigurationDelegate : Bootstrapping Spring Data Redis repositories in DEFAULT mode.
2026-06-17T00:53:36.399+05:30  INFO 12012 --- [food-delivery-system] [restartedMain] .RepositoryConfigurationExtensionSupport : Spring Data Redis - Could not safely identify store assignment for repository candidate interface com.balu.food_delivery_system.repository.CartItemRepository; If you want this repository to be a Redis repository, consider annotating your entities with one of these annotations: org.springframework.data.redis.core.RedisHash (preferred), or consider extending one of the following types with your repository: org.springframework.data.keyvalue.repository.KeyValueRepository
2026-06-17T00:53:36.399+05:30  INFO 12012 --- [food-delivery-system] [restartedMain] .RepositoryConfigurationExtensionSupport : Spring Data Redis - Could not safely identify store assignment for repository candidate interface com.balu.food_delivery_system.repository.CartRepository; If you want this repository to be a Redis repository, consider annotating your entities with one of these annotations: org.springframework.data.redis.core.RedisHash (preferred), or consider extending one of the following types with your repository: org.springframework.data.keyvalue.repository.KeyValueRepository
2026-06-17T00:53:36.399+05:30  INFO 12012 --- [food-delivery-system] [restartedMain] .RepositoryConfigurationExtensionSupport : Spring Data Redis - Could not safely identify store assignment for repository candidate interface com.balu.food_delivery_system.repository.MenuCategoryRepository; If you want this repository to be a Redis repository, consider annotating your entities with one of these annotations: org.springframework.data.redis.core.RedisHash (preferred), or consider extending one of the following types with your repository: org.springframework.data.keyvalue.repository.KeyValueRepository
2026-06-17T00:53:36.399+05:30  INFO 12012 --- [food-delivery-system] [restartedMain] .RepositoryConfigurationExtensionSupport : Spring Data Redis - Could not safely identify store assignment for repository candidate interface com.balu.food_delivery_system.repository.MenuItemRepository; If you want this repository to be a Redis repository, consider annotating your entities with one of these annotations: org.springframework.data.redis.core.RedisHash (preferred), or consider extending one of the following types with your repository: org.springframework.data.keyvalue.repository.KeyValueRepository
2026-06-17T00:53:36.399+05:30  INFO 12012 --- [food-delivery-system] [restartedMain] .RepositoryConfigurationExtensionSupport : Spring Data Redis - Could not safely identify store assignment for repository candidate interface com.balu.food_delivery_system.repository.OrderItemRepository; If you want this repository to be a Redis repository, consider annotating your entities with one of these annotations: org.springframework.data.redis.core.RedisHash (preferred), or consider extending one of the following types with your repository: org.springframework.data.keyvalue.repository.KeyValueRepository
2026-06-17T00:53:36.399+05:30  INFO 12012 --- [food-delivery-system] [restartedMain] .RepositoryConfigurationExtensionSupport : Spring Data Redis - Could not safely identify store assignment for repository candidate interface com.balu.food_delivery_system.repository.OrderRepository; If you want this repository to be a Redis repository, consider annotating your entities with one of these annotations: org.springframework.data.redis.core.RedisHash (preferred), or consider extending one of the following types with your repository: org.springframework.data.keyvalue.repository.KeyValueRepository
2026-06-17T00:53:36.399+05:30  INFO 12012 --- [food-delivery-system] [restartedMain] .RepositoryConfigurationExtensionSupport : Spring Data Redis - Could not safely identify store assignment for repository candidate interface com.balu.food_delivery_system.repository.RefreshTokenRepository; If you want this repository to be a Redis repository, consider annotating your entities with one of these annotations: org.springframework.data.redis.core.RedisHash (preferred), or consider extending one of the following types with your repository: org.springframework.data.keyvalue.repository.KeyValueRepository
2026-06-17T00:53:36.413+05:30  INFO 12012 --- [food-delivery-system] [restartedMain] .RepositoryConfigurationExtensionSupport : Spring Data Redis - Could not safely identify store assignment for repository candidate interface com.balu.food_delivery_system.repository.RestaurantRepository; If you want this repository to be a Redis repository, consider annotating your entities with one of these annotations: org.springframework.data.redis.core.RedisHash (preferred), or consider extending one of the following types with your repository: org.springframework.data.keyvalue.repository.KeyValueRepository
2026-06-17T00:53:36.413+05:30  INFO 12012 --- [food-delivery-system] [restartedMain] .RepositoryConfigurationExtensionSupport : Spring Data Redis - Could not safely identify store assignment for repository candidate interface com.balu.food_delivery_system.repository.UserRepository; If you want this repository to be a Redis repository, consider annotating your entities with one of these annotations: org.springframework.data.redis.core.RedisHash (preferred), or consider extending one of the following types with your repository: org.springframework.data.keyvalue.repository.KeyValueRepository
2026-06-17T00:53:36.413+05:30  INFO 12012 --- [food-delivery-system] [restartedMain] .s.d.r.c.RepositoryConfigurationDelegate : Finished Spring Data repository scanning in 24 ms. Found 0 Redis repository interfaces.
2026-06-17T00:53:37.552+05:30  INFO 12012 --- [food-delivery-system] [restartedMain] o.s.b.w.embedded.tomcat.TomcatWebServer  : Tomcat initialized with port 8080 (http)
2026-06-17T00:53:37.586+05:30  INFO 12012 --- [food-delivery-system] [restartedMain] o.apache.catalina.core.StandardService   : Starting service [Tomcat]
2026-06-17T00:53:37.586+05:30  INFO 12012 --- [food-delivery-system] [restartedMain] o.apache.catalina.core.StandardEngine    : Starting Servlet engine: [Apache Tomcat/10.1.54]
2026-06-17T00:53:37.690+05:30  INFO 12012 --- [food-delivery-system] [restartedMain] o.a.c.c.C.[Tomcat].[localhost].[/]       : Initializing Spring embedded WebApplicationContext
2026-06-17T00:53:37.690+05:30  INFO 12012 --- [food-delivery-system] [restartedMain] w.s.c.ServletWebServerApplicationContext : Root WebApplicationContext: initialization completed in 3055 ms
2026-06-17T00:53:38.279+05:30  INFO 12012 --- [food-delivery-system] [restartedMain] o.hibernate.jpa.internal.util.LogHelper  : HHH000204: Processing PersistenceUnitInfo [name: default]
2026-06-17T00:53:38.364+05:30  INFO 12012 --- [food-delivery-system] [restartedMain] org.hibernate.Version                    : HHH000412: Hibernate ORM core version 6.6.49.Final
2026-06-17T00:53:38.415+05:30  INFO 12012 --- [food-delivery-system] [restartedMain] o.h.c.internal.RegionFactoryInitiator    : HHH000026: Second-level cache disabled
2026-06-17T00:53:38.837+05:30  INFO 12012 --- [food-delivery-system] [restartedMain] o.s.o.j.p.SpringPersistenceUnitInfo      : No LoadTimeWeaver setup: ignoring JPA class transformer
2026-06-17T00:53:38.882+05:30  INFO 12012 --- [food-delivery-system] [restartedMain] com.zaxxer.hikari.HikariDataSource       : HikariPool-1 - Starting...
2026-06-17T00:53:40.002+05:30  INFO 12012 --- [food-delivery-system] [restartedMain] com.zaxxer.hikari.pool.HikariPool        : HikariPool-1 - Added connection com.mysql.cj.jdbc.ConnectionImpl@770bdc4a
2026-06-17T00:53:40.002+05:30  INFO 12012 --- [food-delivery-system] [restartedMain] com.zaxxer.hikari.HikariDataSource       : HikariPool-1 - Start completed.
2026-06-17T00:53:41.082+05:30  WARN 12012 --- [food-delivery-system] [restartedMain] org.hibernate.orm.deprecation            : HHH90000025: MySQLDialect does not need to be specified explicitly using 'hibernate.dialect' (remove the property setting and it will be selected by default)
2026-06-17T00:53:41.101+05:30  INFO 12012 --- [food-delivery-system] [restartedMain] org.hibernate.orm.connections.pooling    : HHH10001005: Database info:
	Database JDBC URL [Connecting through datasource 'HikariDataSource (HikariPool-1)']
	Database driver: undefined/unknown
	Database version: 9.6
	Autocommit mode: undefined/unknown
	Isolation level: undefined/unknown
	Minimum pool size: undefined/unknown
	Maximum pool size: undefined/unknown
2026-06-17T00:53:42.611+05:30  INFO 12012 --- [food-delivery-system] [restartedMain] o.h.e.t.j.p.i.JtaPlatformInitiator       : HHH000489: No JTA platform available (set 'hibernate.transaction.jta.platform' to enable JTA platform integration)
2026-06-17T00:53:43.769+05:30  INFO 12012 --- [food-delivery-system] [restartedMain] j.LocalContainerEntityManagerFactoryBean : Initialized JPA EntityManagerFactory for persistence unit 'default'
2026-06-17T00:53:44.220+05:30 DEBUG 12012 --- [food-delivery-system] [restartedMain] c.b.f.security.JwtFilter                 : Filter 'jwtFilter' configured for use
2026-06-17T00:53:45.459+05:30  INFO 12012 --- [food-delivery-system] [restartedMain] o.s.d.j.r.query.QueryEnhancerFactory     : Hibernate is in classpath; If applicable, HQL parser will be used.
2026-06-17T00:53:46.402+05:30  WARN 12012 --- [food-delivery-system] [restartedMain] JpaBaseConfiguration$JpaWebConfiguration : spring.jpa.open-in-view is enabled by default. Therefore, database queries may be performed during view rendering. Explicitly configure spring.jpa.open-in-view to disable this warning
2026-06-17T00:53:46.480+05:30  INFO 12012 --- [food-delivery-system] [restartedMain] eAuthenticationProviderManagerConfigurer : Global AuthenticationManager configured with AuthenticationProvider bean with name authenticationProvider
2026-06-17T00:53:46.480+05:30  WARN 12012 --- [food-delivery-system] [restartedMain] r$InitializeUserDetailsManagerConfigurer : Global AuthenticationManager configured with an AuthenticationProvider bean. UserDetailsService beans will not be used by Spring Security for automatically configuring username/password login. Consider removing the AuthenticationProvider bean. Alternatively, consider using the UserDetailsService in a manually instantiated DaoAuthenticationProvider. If the current configuration is intentional, to turn off this warning, increase the logging level of 'org.springframework.security.config.annotation.authentication.configuration.InitializeUserDetailsBeanManagerConfigurer' to ERROR
2026-06-17T00:53:47.769+05:30  INFO 12012 --- [food-delivery-system] [restartedMain] o.s.b.d.a.OptionalLiveReloadServer       : LiveReload server is running on port 35729
2026-06-17T00:53:47.847+05:30  INFO 12012 --- [food-delivery-system] [restartedMain] o.a.k.clients.admin.AdminClientConfig    : AdminClientConfig values: 
	auto.include.jmx.reporter = true
	bootstrap.controllers = []
	bootstrap.servers = [localhost:9092]
	client.dns.lookup = use_all_dns_ips
	client.id = food-delivery-system-admin-0
	connections.max.idle.ms = 300000
	default.api.timeout.ms = 60000
	enable.metrics.push = true
	metadata.max.age.ms = 300000
	metadata.recovery.strategy = none
	metric.reporters = []
	metrics.num.samples = 2
	metrics.recording.level = INFO
	metrics.sample.window.ms = 30000
	receive.buffer.bytes = 65536
	reconnect.backoff.max.ms = 1000
	reconnect.backoff.ms = 50
	request.timeout.ms = 30000
	retries = 2147483647
	retry.backoff.max.ms = 1000
	retry.backoff.ms = 100
	sasl.client.callback.handler.class = null
	sasl.jaas.config = null
	sasl.kerberos.kinit.cmd = /usr/bin/kinit
	sasl.kerberos.min.time.before.relogin = 60000
	sasl.kerberos.service.name = null
	sasl.kerberos.ticket.renew.jitter = 0.05
	sasl.kerberos.ticket.renew.window.factor = 0.8
	sasl.login.callback.handler.class = null
	sasl.login.class = null
	sasl.login.connect.timeout.ms = null
	sasl.login.read.timeout.ms = null
	sasl.login.refresh.buffer.seconds = 300
	sasl.login.refresh.min.period.seconds = 60
	sasl.login.refresh.window.factor = 0.8
	sasl.login.refresh.window.jitter = 0.05
	sasl.login.retry.backoff.max.ms = 10000
	sasl.login.retry.backoff.ms = 100
	sasl.mechanism = GSSAPI
	sasl.oauthbearer.clock.skew.seconds = 30
	sasl.oauthbearer.expected.audience = null
	sasl.oauthbearer.expected.issuer = null
	sasl.oauthbearer.header.urlencode = false
	sasl.oauthbearer.jwks.endpoint.refresh.ms = 3600000
	sasl.oauthbearer.jwks.endpoint.retry.backoff.max.ms = 10000
	sasl.oauthbearer.jwks.endpoint.retry.backoff.ms = 100
	sasl.oauthbearer.jwks.endpoint.url = null
	sasl.oauthbearer.scope.claim.name = scope
	sasl.oauthbearer.sub.claim.name = sub
	sasl.oauthbearer.token.endpoint.url = null
	security.protocol = PLAINTEXT
	security.providers = null
	send.buffer.bytes = 131072
	socket.connection.setup.timeout.max.ms = 30000
	socket.connection.setup.timeout.ms = 10000
	ssl.cipher.suites = null
	ssl.enabled.protocols = [TLSv1.2, TLSv1.3]
	ssl.endpoint.identification.algorithm = https
	ssl.engine.factory.class = null
	ssl.key.password = null
	ssl.keymanager.algorithm = SunX509
	ssl.keystore.certificate.chain = null
	ssl.keystore.key = null
	ssl.keystore.location = null
	ssl.keystore.password = null
	ssl.keystore.type = JKS
	ssl.protocol = TLSv1.3
	ssl.provider = null
	ssl.secure.random.implementation = null
	ssl.trustmanager.algorithm = PKIX
	ssl.truststore.certificates = null
	ssl.truststore.location = null
	ssl.truststore.password = null
	ssl.truststore.type = JKS

2026-06-17T00:53:48.055+05:30  INFO 12012 --- [food-delivery-system] [restartedMain] o.a.kafka.common.utils.AppInfoParser     : Kafka version: 3.9.2
2026-06-17T00:53:48.055+05:30  INFO 12012 --- [food-delivery-system] [restartedMain] o.a.kafka.common.utils.AppInfoParser     : Kafka commitId: 5e9866f43ab8e7e4
2026-06-17T00:53:48.055+05:30  INFO 12012 --- [food-delivery-system] [restartedMain] o.a.kafka.common.utils.AppInfoParser     : Kafka startTimeMs: 1781637828053
2026-06-17T00:53:48.782+05:30  INFO 12012 --- [food-delivery-system] [kafka-admin-client-thread | food-delivery-system-admin-0] o.a.kafka.common.utils.AppInfoParser     : App info kafka.admin.client for food-delivery-system-admin-0 unregistered
2026-06-17T00:53:48.787+05:30  INFO 12012 --- [food-delivery-system] [kafka-admin-client-thread | food-delivery-system-admin-0] o.apache.kafka.common.metrics.Metrics    : Metrics scheduler closed
2026-06-17T00:53:48.787+05:30  INFO 12012 --- [food-delivery-system] [kafka-admin-client-thread | food-delivery-system-admin-0] o.apache.kafka.common.metrics.Metrics    : Closing reporter org.apache.kafka.common.metrics.JmxReporter
2026-06-17T00:53:48.787+05:30  INFO 12012 --- [food-delivery-system] [kafka-admin-client-thread | food-delivery-system-admin-0] o.apache.kafka.common.metrics.Metrics    : Metrics reporters closed
2026-06-17T00:53:48.814+05:30  INFO 12012 --- [food-delivery-system] [restartedMain] o.s.b.w.embedded.tomcat.TomcatWebServer  : Tomcat started on port 8080 (http) with context path '/'
2026-06-17T00:53:48.819+05:30  INFO 12012 --- [food-delivery-system] [restartedMain] o.s.a.r.c.CachingConnectionFactory       : Attempting to connect to: [localhost:5672]
2026-06-17T00:53:48.888+05:30  INFO 12012 --- [food-delivery-system] [restartedMain] o.s.a.r.c.CachingConnectionFactory       : Created new connection: rabbitConnectionFactory#30ae5510:0/SimpleConnection@629e331d [delegate=amqp://guest@127.0.0.1:5672/, localPort=64280]
2026-06-17T00:53:48.980+05:30  INFO 12012 --- [food-delivery-system] [restartedMain] c.b.f.FoodDeliverySystemApplication      : Started FoodDeliverySystemApplication in 15.002 seconds (process running for 15.844)
2026-06-17T00:53:48.985+05:30  INFO 12012 --- [food-delivery-system] [scheduling-1] c.b.f.service.OrderSchedulerService      : [SCHEDULER] Checking for unpaid orders...
2026-06-17T00:53:49.119+05:30  INFO 12012 --- [food-delivery-system] [scheduling-1] c.b.f.service.OrderSchedulerService      : [SCHEDULER] No unpaid orders found.
2026-06-17T00:53:52.293+05:30  INFO 12012 --- [food-delivery-system] [http-nio-8080-exec-1] o.a.c.c.C.[Tomcat].[localhost].[/]       : Initializing Spring DispatcherServlet 'dispatcherServlet'
2026-06-17T00:53:52.293+05:30  INFO 12012 --- [food-delivery-system] [http-nio-8080-exec-1] o.s.web.servlet.DispatcherServlet        : Initializing Servlet 'dispatcherServlet'
2026-06-17T00:53:52.295+05:30  INFO 12012 --- [food-delivery-system] [http-nio-8080-exec-1] o.s.web.servlet.DispatcherServlet        : Completed initialization in 2 ms
2026-06-17T00:53:53.511+05:30  INFO 12012 --- [food-delivery-system] [http-nio-8080-exec-5] o.springdoc.api.AbstractOpenApiResource  : Init duration for springdoc-openapi is: 849 ms
2026-06-17T00:54:25.139+05:30  INFO 12012 --- [food-delivery-system] [http-nio-8080-exec-10] c.b.f.service.UserService                : Login attempt for email: balu@gmail.com
2026-06-17T00:54:26.221+05:30  INFO 12012 --- [food-delivery-system] [http-nio-8080-exec-10] c.b.f.service.UserService                : Login successful for: balu@gmail.com
2026-06-17T00:54:48.987+05:30  INFO 12012 --- [food-delivery-system] [scheduling-1] c.b.f.service.OrderSchedulerService      : [SCHEDULER] Checking for unpaid orders...
2026-06-17T00:54:48.991+05:30  INFO 12012 --- [food-delivery-system] [scheduling-1] c.b.f.service.OrderSchedulerService      : [SCHEDULER] No unpaid orders found.
2026-06-17T00:55:48.985+05:30  INFO 12012 --- [food-delivery-system] [scheduling-2] c.b.f.service.OrderSchedulerService      : [SCHEDULER] Checking for unpaid orders...
2026-06-17T00:55:48.989+05:30  INFO 12012 --- [food-delivery-system] [scheduling-2] c.b.f.service.OrderSchedulerService      : [SCHEDULER] No unpaid orders found.
2026-06-17T00:56:05.000+05:30  INFO 12012 --- [food-delivery-system] [http-nio-8080-exec-6] c.b.f.service.EmailService               : Order confirmation email sent to: balu@gmail.com for order: 3
2026-06-17T00:56:05.005+05:30  INFO 12012 --- [food-delivery-system] [http-nio-8080-exec-6] c.b.f.service.OrderService               : Order placed successfully: orderId=3
2026-06-17T00:56:05.014+05:30  INFO 12012 --- [food-delivery-system] [task-1] c.b.f.m.publisher.OrderEventPublisher    : Order notification sent to restaurant via RabbitMQ: orderId=3
2026-06-17T00:56:05.014+05:30  INFO 12012 --- [food-delivery-system] [task-2] o.a.k.clients.producer.ProducerConfig    : ProducerConfig values: 
	acks = -1
	auto.include.jmx.reporter = true
	batch.size = 16384
	bootstrap.servers = [localhost:9092]
	buffer.memory = 33554432
	client.dns.lookup = use_all_dns_ips
	client.id = food-delivery-system-producer-1
	compression.gzip.level = -1
	compression.lz4.level = 9
	compression.type = none
	compression.zstd.level = 3
	connections.max.idle.ms = 540000
	delivery.timeout.ms = 120000
	enable.idempotence = true
	enable.metrics.push = true
	interceptor.classes = []
	key.serializer = class org.apache.kafka.common.serialization.StringSerializer
	linger.ms = 0
	max.block.ms = 60000
	max.in.flight.requests.per.connection = 5
	max.request.size = 1048576
	metadata.max.age.ms = 300000
	metadata.max.idle.ms = 300000
	metadata.recovery.strategy = none
	metric.reporters = []
	metrics.num.samples = 2
	metrics.recording.level = INFO
	metrics.sample.window.ms = 30000
	partitioner.adaptive.partitioning.enable = true
	partitioner.availability.timeout.ms = 0
	partitioner.class = null
	partitioner.ignore.keys = false
	receive.buffer.bytes = 32768
	reconnect.backoff.max.ms = 1000
	reconnect.backoff.ms = 50
	request.timeout.ms = 30000
	retries = 2147483647
	retry.backoff.max.ms = 1000
	retry.backoff.ms = 100
	sasl.client.callback.handler.class = null
	sasl.jaas.config = null
	sasl.kerberos.kinit.cmd = /usr/bin/kinit
	sasl.kerberos.min.time.before.relogin = 60000
	sasl.kerberos.service.name = null
	sasl.kerberos.ticket.renew.jitter = 0.05
	sasl.kerberos.ticket.renew.window.factor = 0.8
	sasl.login.callback.handler.class = null
	sasl.login.class = null
	sasl.login.connect.timeout.ms = null
	sasl.login.read.timeout.ms = null
	sasl.login.refresh.buffer.seconds = 300
	sasl.login.refresh.min.period.seconds = 60
	sasl.login.refresh.window.factor = 0.8
	sasl.login.refresh.window.jitter = 0.05
	sasl.login.retry.backoff.max.ms = 10000
	sasl.login.retry.backoff.ms = 100
	sasl.mechanism = GSSAPI
	sasl.oauthbearer.clock.skew.seconds = 30
	sasl.oauthbearer.expected.audience = null
	sasl.oauthbearer.expected.issuer = null
	sasl.oauthbearer.header.urlencode = false
	sasl.oauthbearer.jwks.endpoint.refresh.ms = 3600000
	sasl.oauthbearer.jwks.endpoint.retry.backoff.max.ms = 10000
	sasl.oauthbearer.jwks.endpoint.retry.backoff.ms = 100
	sasl.oauthbearer.jwks.endpoint.url = null
	sasl.oauthbearer.scope.claim.name = scope
	sasl.oauthbearer.sub.claim.name = sub
	sasl.oauthbearer.token.endpoint.url = null
	security.protocol = PLAINTEXT
	security.providers = null
	send.buffer.bytes = 131072
	socket.connection.setup.timeout.max.ms = 30000
	socket.connection.setup.timeout.ms = 10000
	ssl.cipher.suites = null
	ssl.enabled.protocols = [TLSv1.2, TLSv1.3]
	ssl.endpoint.identification.algorithm = https
	ssl.engine.factory.class = null
	ssl.key.password = null
	ssl.keymanager.algorithm = SunX509
	ssl.keystore.certificate.chain = null
	ssl.keystore.key = null
	ssl.keystore.location = null
	ssl.keystore.password = null
	ssl.keystore.type = JKS
	ssl.protocol = TLSv1.3
	ssl.provider = null
	ssl.secure.random.implementation = null
	ssl.trustmanager.algorithm = PKIX
	ssl.truststore.certificates = null
	ssl.truststore.location = null
	ssl.truststore.password = null
	ssl.truststore.type = JKS
	transaction.timeout.ms = 60000
	transactional.id = null
	value.serializer = class org.apache.kafka.common.serialization.StringSerializer

2026-06-17T00:56:05.075+05:30  INFO 12012 --- [food-delivery-system] [task-2] o.a.k.c.t.i.KafkaMetricsCollector        : initializing Kafka metrics collector
2026-06-17T00:56:05.089+05:30  INFO 12012 --- [food-delivery-system] [task-2] o.a.k.clients.producer.KafkaProducer     : [Producer clientId=food-delivery-system-producer-1] Instantiated an idempotent producer.
2026-06-17T00:56:05.116+05:30  INFO 12012 --- [food-delivery-system] [task-2] o.a.kafka.common.utils.AppInfoParser     : Kafka version: 3.9.2
2026-06-17T00:56:05.116+05:30  INFO 12012 --- [food-delivery-system] [task-2] o.a.kafka.common.utils.AppInfoParser     : Kafka commitId: 5e9866f43ab8e7e4
2026-06-17T00:56:05.116+05:30  INFO 12012 --- [food-delivery-system] [task-2] o.a.kafka.common.utils.AppInfoParser     : Kafka startTimeMs: 1781637965116
2026-06-17T00:56:05.132+05:30  INFO 12012 --- [food-delivery-system] [kafka-producer-network-thread | food-delivery-system-producer-1] org.apache.kafka.clients.Metadata        : [Producer clientId=food-delivery-system-producer-1] Cluster ID: idREc4osSVyuu6CUuFpJRw
2026-06-17T00:56:05.163+05:30  INFO 12012 --- [food-delivery-system] [task-2] c.b.f.m.publisher.OrderEventPublisher    : Order status event published to Kafka: orderId=3, status=PENDING
2026-06-17T00:56:05.260+05:30  INFO 12012 --- [food-delivery-system] [kafka-producer-network-thread | food-delivery-system-producer-1] o.a.k.c.p.internals.TransactionManager   : [Producer clientId=food-delivery-system-producer-1] ProducerId set to 1000 with epoch 0
2026-06-17T00:56:05.530+05:30  INFO 12012 --- [food-delivery-system] [org.springframework.amqp.rabbit.RabbitListenerEndpointContainer#0-1] c.b.f.m.c.OrderNotificationConsumer      : [RESTAURANT NOTIFICATION] New order received! orderId=3, customer=Balu Aravindh, restaurant=Giri's South Indian Kitchen, amount=240.00
2026-06-17T00:56:48.982+05:30  INFO 12012 --- [food-delivery-system] [scheduling-1] c.b.f.service.OrderSchedulerService      : [SCHEDULER] Checking for unpaid orders...
2026-06-17T00:56:48.987+05:30  INFO 12012 --- [food-delivery-system] [scheduling-1] c.b.f.service.OrderSchedulerService      : [SCHEDULER] No unpaid orders found.
2026-06-17T00:57:48.979+05:30  INFO 12012 --- [food-delivery-system] [scheduling-3] c.b.f.service.OrderSchedulerService      : [SCHEDULER] Checking for unpaid orders...
2026-06-17T00:57:49.128+05:30  INFO 12012 --- [food-delivery-system] [scheduling-3] c.b.f.service.OrderSchedulerService      : [SCHEDULER] Order 3 auto-cancelled due to non-payment
2026-06-17T00:57:49.129+05:30  INFO 12012 --- [food-delivery-system] [scheduling-3] c.b.f.service.OrderSchedulerService      : [SCHEDULER] 1 orders cancelled
2026-06-17T00:57:49.129+05:30  INFO 12012 --- [food-delivery-system] [task-3] c.b.f.m.publisher.OrderEventPublisher    : Order status event published to Kafka: orderId=3, status=CANCELLED
2026-06-17T00:58:48.983+05:30  INFO 12012 --- [food-delivery-system] [scheduling-3] c.b.f.service.OrderSchedulerService      : [SCHEDULER] Checking for unpaid orders...
2026-06-17T00:58:48.986+05:30  INFO 12012 --- [food-delivery-system] [scheduling-3] c.b.f.service.OrderSchedulerService      : [SCHEDULER] No unpaid orders found.
2026-06-17T00:59:48.992+05:30  INFO 12012 --- [food-delivery-system] [scheduling-3] c.b.f.service.OrderSchedulerService      : [SCHEDULER] Checking for unpaid orders...
2026-06-17T00:59:48.996+05:30  INFO 12012 --- [food-delivery-system] [scheduling-3] c.b.f.service.OrderSchedulerService      : [SCHEDULER] No unpaid orders found.
2026-06-17T01:00:48.982+05:30  INFO 12012 --- [food-delivery-system] [scheduling-3] c.b.f.service.OrderSchedulerService      : [SCHEDULER] Checking for unpaid orders...
2026-06-17T01:00:48.986+05:30  INFO 12012 --- [food-delivery-system] [scheduling-3] c.b.f.service.OrderSchedulerService      : [SCHEDULER] No unpaid orders found.
2026-06-17T01:01:48.985+05:30  INFO 12012 --- [food-delivery-system] [scheduling-3] c.b.f.service.OrderSchedulerService      : [SCHEDULER] Checking for unpaid orders...
2026-06-17T01:01:48.989+05:30  INFO 12012 --- [food-delivery-system] [scheduling-3] c.b.f.service.OrderSchedulerService      : [SCHEDULER] No unpaid orders found.
2026-06-17T01:02:48.981+05:30  INFO 12012 --- [food-delivery-system] [scheduling-3] c.b.f.service.OrderSchedulerService      : [SCHEDULER] Checking for unpaid orders...
2026-06-17T01:02:48.987+05:30  INFO 12012 --- [food-delivery-system] [scheduling-3] c.b.f.service.OrderSchedulerService      : [SCHEDULER] No unpaid orders found.
2026-06-17T01:03:48.979+05:30  INFO 12012 --- [food-delivery-system] [scheduling-3] c.b.f.service.OrderSchedulerService      : [SCHEDULER] Checking for unpaid orders...
2026-06-17T01:03:48.982+05:30  INFO 12012 --- [food-delivery-system] [scheduling-3] c.b.f.service.OrderSchedulerService      : [SCHEDULER] No unpaid orders found.
2026-06-17T01:04:48.979+05:30  INFO 12012 --- [food-delivery-system] [scheduling-3] c.b.f.service.OrderSchedulerService      : [SCHEDULER] Checking for unpaid orders...
2026-06-17T01:04:48.982+05:30  INFO 12012 --- [food-delivery-system] [scheduling-3] c.b.f.service.OrderSchedulerService      : [SCHEDULER] No unpaid orders found.
2026-06-17T01:05:48.977+05:30  INFO 12012 --- [food-delivery-system] [scheduling-3] c.b.f.service.OrderSchedulerService      : [SCHEDULER] Checking for unpaid orders...
2026-06-17T01:05:49.016+05:30  INFO 12012 --- [food-delivery-system] [scheduling-3] c.b.f.service.OrderSchedulerService      : [SCHEDULER] No unpaid orders found.
2026-06-17T01:06:48.973+05:30  INFO 12012 --- [food-delivery-system] [scheduling-3] c.b.f.service.OrderSchedulerService      : [SCHEDULER] Checking for unpaid orders...
2026-06-17T01:06:48.977+05:30  INFO 12012 --- [food-delivery-system] [scheduling-3] c.b.f.service.OrderSchedulerService      : [SCHEDULER] No unpaid orders found.
2026-06-17T01:07:48.970+05:30  INFO 12012 --- [food-delivery-system] [scheduling-3] c.b.f.service.OrderSchedulerService      : [SCHEDULER] Checking for unpaid orders...
2026-06-17T01:07:48.973+05:30  INFO 12012 --- [food-delivery-system] [scheduling-3] c.b.f.service.OrderSchedulerService      : [SCHEDULER] No unpaid orders found.
2026-06-17T01:08:48.967+05:30  INFO 12012 --- [food-delivery-system] [scheduling-3] c.b.f.service.OrderSchedulerService      : [SCHEDULER] Checking for unpaid orders...
2026-06-17T01:08:49.002+05:30  INFO 12012 --- [food-delivery-system] [scheduling-3] c.b.f.service.OrderSchedulerService      : [SCHEDULER] No unpaid orders found.
2026-06-17T01:09:48.974+05:30  INFO 12012 --- [food-delivery-system] [scheduling-3] c.b.f.service.OrderSchedulerService      : [SCHEDULER] Checking for unpaid orders...
2026-06-17T01:09:48.977+05:30  INFO 12012 --- [food-delivery-system] [scheduling-3] c.b.f.service.OrderSchedulerService      : [SCHEDULER] No unpaid orders found.
2026-06-17T01:10:48.959+05:30  INFO 12012 --- [food-delivery-system] [scheduling-3] c.b.f.service.OrderSchedulerService      : [SCHEDULER] Checking for unpaid orders...
2026-06-17T01:10:48.965+05:30  INFO 12012 --- [food-delivery-system] [scheduling-3] c.b.f.service.OrderSchedulerService      : [SCHEDULER] No unpaid orders found.
2026-06-17T01:11:48.956+05:30  INFO 12012 --- [food-delivery-system] [scheduling-3] c.b.f.service.OrderSchedulerService      : [SCHEDULER] Checking for unpaid orders...
2026-06-17T01:11:49.209+05:30  INFO 12012 --- [food-delivery-system] [scheduling-3] c.b.f.service.OrderSchedulerService      : [SCHEDULER] No unpaid orders found.
2026-06-17T01:12:48.950+05:30  INFO 12012 --- [food-delivery-system] [scheduling-3] c.b.f.service.OrderSchedulerService      : [SCHEDULER] Checking for unpaid orders...
2026-06-17T01:12:48.955+05:30  INFO 12012 --- [food-delivery-system] [scheduling-3] c.b.f.service.OrderSchedulerService      : [SCHEDULER] No unpaid orders found.
2026-06-17T01:13:48.946+05:30  INFO 12012 --- [food-delivery-system] [scheduling-3] c.b.f.service.OrderSchedulerService      : [SCHEDULER] Checking for unpaid orders...
2026-06-17T01:13:48.946+05:30  INFO 12012 --- [food-delivery-system] [scheduling-3] c.b.f.service.OrderSchedulerService      : [SCHEDULER] No unpaid orders found.
2026-06-17T01:14:48.947+05:30  INFO 12012 --- [food-delivery-system] [scheduling-3] c.b.f.service.OrderSchedulerService      : [SCHEDULER] Checking for unpaid orders...
2026-06-17T01:14:48.979+05:30  INFO 12012 --- [food-delivery-system] [scheduling-3] c.b.f.service.OrderSchedulerService      : [SCHEDULER] No unpaid orders found.
2026-06-17T01:15:47.604+05:30  INFO 12012 --- [food-delivery-system] [org.springframework.amqp.rabbit.RabbitListenerEndpointContainer#0-2] o.s.a.r.l.SimpleMessageListenerContainer : Waiting for workers to finish.
2026-06-17T01:15:47.623+05:30  INFO 12012 --- [food-delivery-system] [org.springframework.amqp.rabbit.RabbitListenerEndpointContainer#0-2] o.s.a.r.l.SimpleMessageListenerContainer : Successfully waited for workers to finish.
2026-06-17T01:15:48.140+05:30  INFO 12012 --- [food-delivery-system] [SpringApplicationShutdownHook] o.s.b.w.e.tomcat.GracefulShutdown        : Commencing graceful shutdown. Waiting for active requests to complete
2026-06-17T01:15:49.139+05:30  INFO 12012 --- [food-delivery-system] [tomcat-shutdown] o.s.b.w.e.tomcat.GracefulShutdown        : Graceful shutdown complete
2026-06-17T01:15:50.314+05:30  INFO 12012 --- [food-delivery-system] [SpringApplicationShutdownHook] o.a.k.clients.producer.KafkaProducer     : [Producer clientId=food-delivery-system-producer-1] Closing the Kafka producer with timeoutMillis = 30000 ms.
2026-06-17T01:15:50.589+05:30  INFO 12012 --- [food-delivery-system] [SpringApplicationShutdownHook] o.apache.kafka.common.metrics.Metrics    : Metrics scheduler closed
2026-06-17T01:15:50.589+05:30  INFO 12012 --- [food-delivery-system] [SpringApplicationShutdownHook] o.apache.kafka.common.metrics.Metrics    : Closing reporter org.apache.kafka.common.metrics.JmxReporter
2026-06-17T01:15:50.589+05:30  INFO 12012 --- [food-delivery-system] [SpringApplicationShutdownHook] o.apache.kafka.common.metrics.Metrics    : Closing reporter org.apache.kafka.common.telemetry.internals.ClientTelemetryReporter
2026-06-17T01:15:50.589+05:30  INFO 12012 --- [food-delivery-system] [SpringApplicationShutdownHook] o.apache.kafka.common.metrics.Metrics    : Metrics reporters closed
2026-06-17T01:15:50.614+05:30  INFO 12012 --- [food-delivery-system] [SpringApplicationShutdownHook] o.a.kafka.common.utils.AppInfoParser     : App info kafka.producer for food-delivery-system-producer-1 unregistered
2026-06-17T01:15:51.314+05:30  INFO 12012 --- [food-delivery-system] [SpringApplicationShutdownHook] j.LocalContainerEntityManagerFactoryBean : Closing JPA EntityManagerFactory for persistence unit 'default'
2026-06-17T01:15:51.657+05:30  INFO 12012 --- [food-delivery-system] [SpringApplicationShutdownHook] com.zaxxer.hikari.HikariDataSource       : HikariPool-1 - Shutdown initiated...
2026-06-17T01:15:51.878+05:30  INFO 12012 --- [food-delivery-system] [SpringApplicationShutdownHook] com.zaxxer.hikari.HikariDataSource       : HikariPool-1 - Shutdown completed.
2026-06-17T01:16:13.707+05:30  INFO 16832 --- [food-delivery-system] [restartedMain] c.b.f.FoodDeliverySystemApplication      : Starting FoodDeliverySystemApplication using Java 25.0.1 with PID 16832 (C:\Users\gpbal\Downloads\food-delivery-system\food-delivery-system\target\classes started by gpbal in C:\Users\gpbal\Downloads\food-delivery-system)
2026-06-17T01:16:13.709+05:30 DEBUG 16832 --- [food-delivery-system] [restartedMain] c.b.f.FoodDeliverySystemApplication      : Running with Spring Boot v3.5.14, Spring v6.2.18
2026-06-17T01:16:13.710+05:30  INFO 16832 --- [food-delivery-system] [restartedMain] c.b.f.FoodDeliverySystemApplication      : No active profile set, falling back to 1 default profile: "default"
2026-06-17T01:16:13.782+05:30  INFO 16832 --- [food-delivery-system] [restartedMain] .e.DevToolsPropertyDefaultsPostProcessor : Devtools property defaults active! Set 'spring.devtools.add-properties' to 'false' to disable
2026-06-17T01:16:13.782+05:30  INFO 16832 --- [food-delivery-system] [restartedMain] .e.DevToolsPropertyDefaultsPostProcessor : For additional web related logging consider setting the 'logging.level.web' property to 'DEBUG'
2026-06-17T01:16:15.406+05:30  INFO 16832 --- [food-delivery-system] [restartedMain] .s.d.r.c.RepositoryConfigurationDelegate : Multiple Spring Data modules found, entering strict repository configuration mode
2026-06-17T01:16:15.409+05:30  INFO 16832 --- [food-delivery-system] [restartedMain] .s.d.r.c.RepositoryConfigurationDelegate : Bootstrapping Spring Data JPA repositories in DEFAULT mode.
2026-06-17T01:16:15.602+05:30  INFO 16832 --- [food-delivery-system] [restartedMain] .s.d.r.c.RepositoryConfigurationDelegate : Finished Spring Data repository scanning in 180 ms. Found 9 JPA repository interfaces.
2026-06-17T01:16:15.627+05:30  INFO 16832 --- [food-delivery-system] [restartedMain] .s.d.r.c.RepositoryConfigurationDelegate : Multiple Spring Data modules found, entering strict repository configuration mode
2026-06-17T01:16:15.629+05:30  INFO 16832 --- [food-delivery-system] [restartedMain] .s.d.r.c.RepositoryConfigurationDelegate : Bootstrapping Spring Data Redis repositories in DEFAULT mode.
2026-06-17T01:16:15.649+05:30  INFO 16832 --- [food-delivery-system] [restartedMain] .RepositoryConfigurationExtensionSupport : Spring Data Redis - Could not safely identify store assignment for repository candidate interface com.balu.food_delivery_system.repository.CartItemRepository; If you want this repository to be a Redis repository, consider annotating your entities with one of these annotations: org.springframework.data.redis.core.RedisHash (preferred), or consider extending one of the following types with your repository: org.springframework.data.keyvalue.repository.KeyValueRepository
2026-06-17T01:16:15.650+05:30  INFO 16832 --- [food-delivery-system] [restartedMain] .RepositoryConfigurationExtensionSupport : Spring Data Redis - Could not safely identify store assignment for repository candidate interface com.balu.food_delivery_system.repository.CartRepository; If you want this repository to be a Redis repository, consider annotating your entities with one of these annotations: org.springframework.data.redis.core.RedisHash (preferred), or consider extending one of the following types with your repository: org.springframework.data.keyvalue.repository.KeyValueRepository
2026-06-17T01:16:15.650+05:30  INFO 16832 --- [food-delivery-system] [restartedMain] .RepositoryConfigurationExtensionSupport : Spring Data Redis - Could not safely identify store assignment for repository candidate interface com.balu.food_delivery_system.repository.MenuCategoryRepository; If you want this repository to be a Redis repository, consider annotating your entities with one of these annotations: org.springframework.data.redis.core.RedisHash (preferred), or consider extending one of the following types with your repository: org.springframework.data.keyvalue.repository.KeyValueRepository
2026-06-17T01:16:15.650+05:30  INFO 16832 --- [food-delivery-system] [restartedMain] .RepositoryConfigurationExtensionSupport : Spring Data Redis - Could not safely identify store assignment for repository candidate interface com.balu.food_delivery_system.repository.MenuItemRepository; If you want this repository to be a Redis repository, consider annotating your entities with one of these annotations: org.springframework.data.redis.core.RedisHash (preferred), or consider extending one of the following types with your repository: org.springframework.data.keyvalue.repository.KeyValueRepository
2026-06-17T01:16:15.650+05:30  INFO 16832 --- [food-delivery-system] [restartedMain] .RepositoryConfigurationExtensionSupport : Spring Data Redis - Could not safely identify store assignment for repository candidate interface com.balu.food_delivery_system.repository.OrderItemRepository; If you want this repository to be a Redis repository, consider annotating your entities with one of these annotations: org.springframework.data.redis.core.RedisHash (preferred), or consider extending one of the following types with your repository: org.springframework.data.keyvalue.repository.KeyValueRepository
2026-06-17T01:16:15.650+05:30  INFO 16832 --- [food-delivery-system] [restartedMain] .RepositoryConfigurationExtensionSupport : Spring Data Redis - Could not safely identify store assignment for repository candidate interface com.balu.food_delivery_system.repository.OrderRepository; If you want this repository to be a Redis repository, consider annotating your entities with one of these annotations: org.springframework.data.redis.core.RedisHash (preferred), or consider extending one of the following types with your repository: org.springframework.data.keyvalue.repository.KeyValueRepository
2026-06-17T01:16:15.650+05:30  INFO 16832 --- [food-delivery-system] [restartedMain] .RepositoryConfigurationExtensionSupport : Spring Data Redis - Could not safely identify store assignment for repository candidate interface com.balu.food_delivery_system.repository.RefreshTokenRepository; If you want this repository to be a Redis repository, consider annotating your entities with one of these annotations: org.springframework.data.redis.core.RedisHash (preferred), or consider extending one of the following types with your repository: org.springframework.data.keyvalue.repository.KeyValueRepository
2026-06-17T01:16:15.652+05:30  INFO 16832 --- [food-delivery-system] [restartedMain] .RepositoryConfigurationExtensionSupport : Spring Data Redis - Could not safely identify store assignment for repository candidate interface com.balu.food_delivery_system.repository.RestaurantRepository; If you want this repository to be a Redis repository, consider annotating your entities with one of these annotations: org.springframework.data.redis.core.RedisHash (preferred), or consider extending one of the following types with your repository: org.springframework.data.keyvalue.repository.KeyValueRepository
2026-06-17T01:16:15.652+05:30  INFO 16832 --- [food-delivery-system] [restartedMain] .RepositoryConfigurationExtensionSupport : Spring Data Redis - Could not safely identify store assignment for repository candidate interface com.balu.food_delivery_system.repository.UserRepository; If you want this repository to be a Redis repository, consider annotating your entities with one of these annotations: org.springframework.data.redis.core.RedisHash (preferred), or consider extending one of the following types with your repository: org.springframework.data.keyvalue.repository.KeyValueRepository
2026-06-17T01:16:15.653+05:30  INFO 16832 --- [food-delivery-system] [restartedMain] .s.d.r.c.RepositoryConfigurationDelegate : Finished Spring Data repository scanning in 11 ms. Found 0 Redis repository interfaces.
2026-06-17T01:16:16.685+05:30  INFO 16832 --- [food-delivery-system] [restartedMain] o.s.b.w.embedded.tomcat.TomcatWebServer  : Tomcat initialized with port 8080 (http)
2026-06-17T01:16:16.703+05:30  INFO 16832 --- [food-delivery-system] [restartedMain] o.apache.catalina.core.StandardService   : Starting service [Tomcat]
2026-06-17T01:16:16.703+05:30  INFO 16832 --- [food-delivery-system] [restartedMain] o.apache.catalina.core.StandardEngine    : Starting Servlet engine: [Apache Tomcat/10.1.54]
2026-06-17T01:16:16.776+05:30  INFO 16832 --- [food-delivery-system] [restartedMain] o.a.c.c.C.[Tomcat].[localhost].[/]       : Initializing Spring embedded WebApplicationContext
2026-06-17T01:16:16.777+05:30  INFO 16832 --- [food-delivery-system] [restartedMain] w.s.c.ServletWebServerApplicationContext : Root WebApplicationContext: initialization completed in 2994 ms
2026-06-17T01:16:17.262+05:30  INFO 16832 --- [food-delivery-system] [restartedMain] o.hibernate.jpa.internal.util.LogHelper  : HHH000204: Processing PersistenceUnitInfo [name: default]
2026-06-17T01:16:17.351+05:30  INFO 16832 --- [food-delivery-system] [restartedMain] org.hibernate.Version                    : HHH000412: Hibernate ORM core version 6.6.49.Final
2026-06-17T01:16:17.399+05:30  INFO 16832 --- [food-delivery-system] [restartedMain] o.h.c.internal.RegionFactoryInitiator    : HHH000026: Second-level cache disabled
2026-06-17T01:16:17.841+05:30  INFO 16832 --- [food-delivery-system] [restartedMain] o.s.o.j.p.SpringPersistenceUnitInfo      : No LoadTimeWeaver setup: ignoring JPA class transformer
2026-06-17T01:16:17.887+05:30  INFO 16832 --- [food-delivery-system] [restartedMain] com.zaxxer.hikari.HikariDataSource       : HikariPool-1 - Starting...
2026-06-17T01:16:18.960+05:30  INFO 16832 --- [food-delivery-system] [restartedMain] com.zaxxer.hikari.pool.HikariPool        : HikariPool-1 - Added connection com.mysql.cj.jdbc.ConnectionImpl@3a5abc90
2026-06-17T01:16:18.963+05:30  INFO 16832 --- [food-delivery-system] [restartedMain] com.zaxxer.hikari.HikariDataSource       : HikariPool-1 - Start completed.
2026-06-17T01:16:19.443+05:30  WARN 16832 --- [food-delivery-system] [restartedMain] org.hibernate.orm.deprecation            : HHH90000025: MySQLDialect does not need to be specified explicitly using 'hibernate.dialect' (remove the property setting and it will be selected by default)
2026-06-17T01:16:19.468+05:30  INFO 16832 --- [food-delivery-system] [restartedMain] org.hibernate.orm.connections.pooling    : HHH10001005: Database info:
	Database JDBC URL [Connecting through datasource 'HikariDataSource (HikariPool-1)']
	Database driver: undefined/unknown
	Database version: 9.6
	Autocommit mode: undefined/unknown
	Isolation level: undefined/unknown
	Minimum pool size: undefined/unknown
	Maximum pool size: undefined/unknown
2026-06-17T01:16:20.770+05:30  INFO 16832 --- [food-delivery-system] [restartedMain] o.h.e.t.j.p.i.JtaPlatformInitiator       : HHH000489: No JTA platform available (set 'hibernate.transaction.jta.platform' to enable JTA platform integration)
2026-06-17T01:16:21.473+05:30  INFO 16832 --- [food-delivery-system] [restartedMain] j.LocalContainerEntityManagerFactoryBean : Initialized JPA EntityManagerFactory for persistence unit 'default'
2026-06-17T01:16:21.845+05:30 DEBUG 16832 --- [food-delivery-system] [restartedMain] c.b.f.security.JwtFilter                 : Filter 'jwtFilter' configured for use
2026-06-17T01:16:22.916+05:30  INFO 16832 --- [food-delivery-system] [restartedMain] o.s.d.j.r.query.QueryEnhancerFactory     : Hibernate is in classpath; If applicable, HQL parser will be used.
2026-06-17T01:16:23.810+05:30  WARN 16832 --- [food-delivery-system] [restartedMain] JpaBaseConfiguration$JpaWebConfiguration : spring.jpa.open-in-view is enabled by default. Therefore, database queries may be performed during view rendering. Explicitly configure spring.jpa.open-in-view to disable this warning
2026-06-17T01:16:23.887+05:30  INFO 16832 --- [food-delivery-system] [restartedMain] eAuthenticationProviderManagerConfigurer : Global AuthenticationManager configured with AuthenticationProvider bean with name authenticationProvider
2026-06-17T01:16:23.887+05:30  WARN 16832 --- [food-delivery-system] [restartedMain] r$InitializeUserDetailsManagerConfigurer : Global AuthenticationManager configured with an AuthenticationProvider bean. UserDetailsService beans will not be used by Spring Security for automatically configuring username/password login. Consider removing the AuthenticationProvider bean. Alternatively, consider using the UserDetailsService in a manually instantiated DaoAuthenticationProvider. If the current configuration is intentional, to turn off this warning, increase the logging level of 'org.springframework.security.config.annotation.authentication.configuration.InitializeUserDetailsBeanManagerConfigurer' to ERROR
2026-06-17T01:16:25.093+05:30  INFO 16832 --- [food-delivery-system] [restartedMain] o.s.b.d.a.OptionalLiveReloadServer       : LiveReload server is running on port 35729
2026-06-17T01:16:25.163+05:30  INFO 16832 --- [food-delivery-system] [restartedMain] o.a.k.clients.admin.AdminClientConfig    : AdminClientConfig values: 
	auto.include.jmx.reporter = true
	bootstrap.controllers = []
	bootstrap.servers = [localhost:9092]
	client.dns.lookup = use_all_dns_ips
	client.id = food-delivery-system-admin-0
	connections.max.idle.ms = 300000
	default.api.timeout.ms = 60000
	enable.metrics.push = true
	metadata.max.age.ms = 300000
	metadata.recovery.strategy = none
	metric.reporters = []
	metrics.num.samples = 2
	metrics.recording.level = INFO
	metrics.sample.window.ms = 30000
	receive.buffer.bytes = 65536
	reconnect.backoff.max.ms = 1000
	reconnect.backoff.ms = 50
	request.timeout.ms = 30000
	retries = 2147483647
	retry.backoff.max.ms = 1000
	retry.backoff.ms = 100
	sasl.client.callback.handler.class = null
	sasl.jaas.config = null
	sasl.kerberos.kinit.cmd = /usr/bin/kinit
	sasl.kerberos.min.time.before.relogin = 60000
	sasl.kerberos.service.name = null
	sasl.kerberos.ticket.renew.jitter = 0.05
	sasl.kerberos.ticket.renew.window.factor = 0.8
	sasl.login.callback.handler.class = null
	sasl.login.class = null
	sasl.login.connect.timeout.ms = null
	sasl.login.read.timeout.ms = null
	sasl.login.refresh.buffer.seconds = 300
	sasl.login.refresh.min.period.seconds = 60
	sasl.login.refresh.window.factor = 0.8
	sasl.login.refresh.window.jitter = 0.05
	sasl.login.retry.backoff.max.ms = 10000
	sasl.login.retry.backoff.ms = 100
	sasl.mechanism = GSSAPI
	sasl.oauthbearer.clock.skew.seconds = 30
	sasl.oauthbearer.expected.audience = null
	sasl.oauthbearer.expected.issuer = null
	sasl.oauthbearer.header.urlencode = false
	sasl.oauthbearer.jwks.endpoint.refresh.ms = 3600000
	sasl.oauthbearer.jwks.endpoint.retry.backoff.max.ms = 10000
	sasl.oauthbearer.jwks.endpoint.retry.backoff.ms = 100
	sasl.oauthbearer.jwks.endpoint.url = null
	sasl.oauthbearer.scope.claim.name = scope
	sasl.oauthbearer.sub.claim.name = sub
	sasl.oauthbearer.token.endpoint.url = null
	security.protocol = PLAINTEXT
	security.providers = null
	send.buffer.bytes = 131072
	socket.connection.setup.timeout.max.ms = 30000
	socket.connection.setup.timeout.ms = 10000
	ssl.cipher.suites = null
	ssl.enabled.protocols = [TLSv1.2, TLSv1.3]
	ssl.endpoint.identification.algorithm = https
	ssl.engine.factory.class = null
	ssl.key.password = null
	ssl.keymanager.algorithm = SunX509
	ssl.keystore.certificate.chain = null
	ssl.keystore.key = null
	ssl.keystore.location = null
	ssl.keystore.password = null
	ssl.keystore.type = JKS
	ssl.protocol = TLSv1.3
	ssl.provider = null
	ssl.secure.random.implementation = null
	ssl.trustmanager.algorithm = PKIX
	ssl.truststore.certificates = null
	ssl.truststore.location = null
	ssl.truststore.password = null
	ssl.truststore.type = JKS

2026-06-17T01:16:25.456+05:30  INFO 16832 --- [food-delivery-system] [restartedMain] o.a.kafka.common.utils.AppInfoParser     : Kafka version: 3.9.2
2026-06-17T01:16:25.456+05:30  INFO 16832 --- [food-delivery-system] [restartedMain] o.a.kafka.common.utils.AppInfoParser     : Kafka commitId: 5e9866f43ab8e7e4
2026-06-17T01:16:25.456+05:30  INFO 16832 --- [food-delivery-system] [restartedMain] o.a.kafka.common.utils.AppInfoParser     : Kafka startTimeMs: 1781639185454
2026-06-17T01:16:26.421+05:30  INFO 16832 --- [food-delivery-system] [kafka-admin-client-thread | food-delivery-system-admin-0] o.a.kafka.common.utils.AppInfoParser     : App info kafka.admin.client for food-delivery-system-admin-0 unregistered
2026-06-17T01:16:26.427+05:30  INFO 16832 --- [food-delivery-system] [kafka-admin-client-thread | food-delivery-system-admin-0] o.apache.kafka.common.metrics.Metrics    : Metrics scheduler closed
2026-06-17T01:16:26.428+05:30  INFO 16832 --- [food-delivery-system] [kafka-admin-client-thread | food-delivery-system-admin-0] o.apache.kafka.common.metrics.Metrics    : Closing reporter org.apache.kafka.common.metrics.JmxReporter
2026-06-17T01:16:26.428+05:30  INFO 16832 --- [food-delivery-system] [kafka-admin-client-thread | food-delivery-system-admin-0] o.apache.kafka.common.metrics.Metrics    : Metrics reporters closed
2026-06-17T01:16:26.444+05:30  INFO 16832 --- [food-delivery-system] [restartedMain] o.s.b.w.embedded.tomcat.TomcatWebServer  : Tomcat started on port 8080 (http) with context path '/'
2026-06-17T01:16:26.448+05:30  INFO 16832 --- [food-delivery-system] [restartedMain] o.s.a.r.c.CachingConnectionFactory       : Attempting to connect to: [localhost:5672]
2026-06-17T01:16:26.822+05:30  INFO 16832 --- [food-delivery-system] [restartedMain] o.s.a.r.c.CachingConnectionFactory       : Created new connection: rabbitConnectionFactory#5d0a223b:0/SimpleConnection@55ed451f [delegate=amqp://guest@127.0.0.1:5672/, localPort=59907]
2026-06-17T01:16:27.023+05:30  INFO 16832 --- [food-delivery-system] [restartedMain] c.b.f.FoodDeliverySystemApplication      : Started FoodDeliverySystemApplication in 13.865 seconds (process running for 15.372)
2026-06-17T01:16:27.031+05:30  INFO 16832 --- [food-delivery-system] [scheduling-1] c.b.f.service.OrderSchedulerService      : [SCHEDULER] Checking for unpaid orders...
2026-06-17T01:16:27.201+05:30  INFO 16832 --- [food-delivery-system] [scheduling-1] c.b.f.service.OrderSchedulerService      : [SCHEDULER] No unpaid orders found.
2026-06-17T01:16:44.177+05:30  INFO 16832 --- [food-delivery-system] [http-nio-8080-exec-1] o.a.c.c.C.[Tomcat].[localhost].[/]       : Initializing Spring DispatcherServlet 'dispatcherServlet'
2026-06-17T01:16:44.178+05:30  INFO 16832 --- [food-delivery-system] [http-nio-8080-exec-1] o.s.web.servlet.DispatcherServlet        : Initializing Servlet 'dispatcherServlet'
2026-06-17T01:16:44.179+05:30  INFO 16832 --- [food-delivery-system] [http-nio-8080-exec-1] o.s.web.servlet.DispatcherServlet        : Completed initialization in 1 ms
2026-06-17T01:16:44.462+05:30  INFO 16832 --- [food-delivery-system] [http-nio-8080-exec-1] c.b.f.service.UserService                : Login attempt for email: balu@gmail.com
2026-06-17T01:16:44.985+05:30  INFO 16832 --- [food-delivery-system] [http-nio-8080-exec-1] c.b.f.service.UserService                : Login successful for: balu@gmail.com
2026-06-17T01:16:47.538+05:30  INFO 16832 --- [food-delivery-system] [http-nio-8080-exec-9] c.b.f.service.UserService                : Login attempt for email: balu@gmail.com
2026-06-17T01:16:47.633+05:30  INFO 16832 --- [food-delivery-system] [http-nio-8080-exec-9] c.b.f.service.UserService                : Login successful for: balu@gmail.com
2026-06-17T01:17:12.816+05:30  INFO 16832 --- [food-delivery-system] [http-nio-8080-exec-2] c.b.f.service.OrderService               : Order placed successfully: orderId=4
2026-06-17T01:17:12.840+05:30  INFO 16832 --- [food-delivery-system] [fds-async-3] o.a.k.clients.producer.ProducerConfig    : ProducerConfig values: 
	acks = -1
	auto.include.jmx.reporter = true
	batch.size = 16384
	bootstrap.servers = [localhost:9092]
	buffer.memory = 33554432
	client.dns.lookup = use_all_dns_ips
	client.id = food-delivery-system-producer-1
	compression.gzip.level = -1
	compression.lz4.level = 9
	compression.type = none
	compression.zstd.level = 3
	connections.max.idle.ms = 540000
	delivery.timeout.ms = 120000
	enable.idempotence = true
	enable.metrics.push = true
	interceptor.classes = []
	key.serializer = class org.apache.kafka.common.serialization.StringSerializer
	linger.ms = 0
	max.block.ms = 60000
	max.in.flight.requests.per.connection = 5
	max.request.size = 1048576
	metadata.max.age.ms = 300000
	metadata.max.idle.ms = 300000
	metadata.recovery.strategy = none
	metric.reporters = []
	metrics.num.samples = 2
	metrics.recording.level = INFO
	metrics.sample.window.ms = 30000
	partitioner.adaptive.partitioning.enable = true
	partitioner.availability.timeout.ms = 0
	partitioner.class = null
	partitioner.ignore.keys = false
	receive.buffer.bytes = 32768
	reconnect.backoff.max.ms = 1000
	reconnect.backoff.ms = 50
	request.timeout.ms = 30000
	retries = 2147483647
	retry.backoff.max.ms = 1000
	retry.backoff.ms = 100
	sasl.client.callback.handler.class = null
	sasl.jaas.config = null
	sasl.kerberos.kinit.cmd = /usr/bin/kinit
	sasl.kerberos.min.time.before.relogin = 60000
	sasl.kerberos.service.name = null
	sasl.kerberos.ticket.renew.jitter = 0.05
	sasl.kerberos.ticket.renew.window.factor = 0.8
	sasl.login.callback.handler.class = null
	sasl.login.class = null
	sasl.login.connect.timeout.ms = null
	sasl.login.read.timeout.ms = null
	sasl.login.refresh.buffer.seconds = 300
	sasl.login.refresh.min.period.seconds = 60
	sasl.login.refresh.window.factor = 0.8
	sasl.login.refresh.window.jitter = 0.05
	sasl.login.retry.backoff.max.ms = 10000
	sasl.login.retry.backoff.ms = 100
	sasl.mechanism = GSSAPI
	sasl.oauthbearer.clock.skew.seconds = 30
	sasl.oauthbearer.expected.audience = null
	sasl.oauthbearer.expected.issuer = null
	sasl.oauthbearer.header.urlencode = false
	sasl.oauthbearer.jwks.endpoint.refresh.ms = 3600000
	sasl.oauthbearer.jwks.endpoint.retry.backoff.max.ms = 10000
	sasl.oauthbearer.jwks.endpoint.retry.backoff.ms = 100
	sasl.oauthbearer.jwks.endpoint.url = null
	sasl.oauthbearer.scope.claim.name = scope
	sasl.oauthbearer.sub.claim.name = sub
	sasl.oauthbearer.token.endpoint.url = null
	security.protocol = PLAINTEXT
	security.providers = null
	send.buffer.bytes = 131072
	socket.connection.setup.timeout.max.ms = 30000
	socket.connection.setup.timeout.ms = 10000
	ssl.cipher.suites = null
	ssl.enabled.protocols = [TLSv1.2, TLSv1.3]
	ssl.endpoint.identification.algorithm = https
	ssl.engine.factory.class = null
	ssl.key.password = null
	ssl.keymanager.algorithm = SunX509
	ssl.keystore.certificate.chain = null
	ssl.keystore.key = null
	ssl.keystore.location = null
	ssl.keystore.password = null
	ssl.keystore.type = JKS
	ssl.protocol = TLSv1.3
	ssl.provider = null
	ssl.secure.random.implementation = null
	ssl.trustmanager.algorithm = PKIX
	ssl.truststore.certificates = null
	ssl.truststore.location = null
	ssl.truststore.password = null
	ssl.truststore.type = JKS
	transaction.timeout.ms = 60000
	transactional.id = null
	value.serializer = class org.apache.kafka.common.serialization.StringSerializer

2026-06-17T01:17:12.880+05:30  INFO 16832 --- [food-delivery-system] [fds-async-2] c.b.f.m.publisher.OrderEventPublisher    : Order notification sent to restaurant via RabbitMQ: orderId=4
2026-06-17T01:17:12.896+05:30  INFO 16832 --- [food-delivery-system] [org.springframework.amqp.rabbit.RabbitListenerEndpointContainer#0-1] c.b.f.m.c.OrderNotificationConsumer      : [RESTAURANT NOTIFICATION] New order received! orderId=4, customer=Balu Aravindh, restaurant=Giri's South Indian Kitchen, amount=180.00
2026-06-17T01:17:12.897+05:30  INFO 16832 --- [food-delivery-system] [fds-async-3] o.a.k.c.t.i.KafkaMetricsCollector        : initializing Kafka metrics collector
2026-06-17T01:17:12.913+05:30  INFO 16832 --- [food-delivery-system] [fds-async-3] o.a.k.clients.producer.KafkaProducer     : [Producer clientId=food-delivery-system-producer-1] Instantiated an idempotent producer.
2026-06-17T01:17:12.933+05:30  INFO 16832 --- [food-delivery-system] [fds-async-3] o.a.kafka.common.utils.AppInfoParser     : Kafka version: 3.9.2
2026-06-17T01:17:12.933+05:30  INFO 16832 --- [food-delivery-system] [fds-async-3] o.a.kafka.common.utils.AppInfoParser     : Kafka commitId: 5e9866f43ab8e7e4
2026-06-17T01:17:12.933+05:30  INFO 16832 --- [food-delivery-system] [fds-async-3] o.a.kafka.common.utils.AppInfoParser     : Kafka startTimeMs: 1781639232933
2026-06-17T01:17:12.955+05:30  INFO 16832 --- [food-delivery-system] [kafka-producer-network-thread | food-delivery-system-producer-1] org.apache.kafka.clients.Metadata        : [Producer clientId=food-delivery-system-producer-1] Cluster ID: idREc4osSVyuu6CUuFpJRw
2026-06-17T01:17:12.984+05:30  INFO 16832 --- [food-delivery-system] [fds-async-3] c.b.f.m.publisher.OrderEventPublisher    : Order status event published to Kafka: orderId=4, status=PENDING
2026-06-17T01:17:13.029+05:30  INFO 16832 --- [food-delivery-system] [kafka-producer-network-thread | food-delivery-system-producer-1] o.a.k.c.p.internals.TransactionManager   : [Producer clientId=food-delivery-system-producer-1] ProducerId set to 1001 with epoch 0
2026-06-17T01:17:17.881+05:30  INFO 16832 --- [food-delivery-system] [http-nio-8080-exec-5] c.b.f.service.OrderService               : Order placed successfully: orderId=5
2026-06-17T01:17:17.881+05:30  INFO 16832 --- [food-delivery-system] [fds-async-2] c.b.f.m.publisher.OrderEventPublisher    : Order status event published to Kafka: orderId=5, status=PENDING
2026-06-17T01:17:17.881+05:30  INFO 16832 --- [food-delivery-system] [fds-async-5] c.b.f.m.publisher.OrderEventPublisher    : Order notification sent to restaurant via RabbitMQ: orderId=5
2026-06-17T01:17:17.881+05:30  INFO 16832 --- [food-delivery-system] [org.springframework.amqp.rabbit.RabbitListenerEndpointContainer#0-1] c.b.f.m.c.OrderNotificationConsumer      : [RESTAURANT NOTIFICATION] New order received! orderId=5, customer=Balu Aravindh, restaurant=Giri's South Indian Kitchen, amount=240.00
2026-06-17T01:17:19.081+05:30  INFO 16832 --- [food-delivery-system] [fds-async-1] c.b.f.service.EmailService               : Order confirmation email sent to: balu@gmail.com for order: 4
2026-06-17T01:17:23.665+05:30  INFO 16832 --- [food-delivery-system] [fds-async-4] c.b.f.service.EmailService               : Order confirmation email sent to: balu@gmail.com for order: 5
2026-06-17T01:17:24.431+05:30  INFO 16832 --- [food-delivery-system] [http-nio-8080-exec-6] c.b.f.service.OrderService               : Order placed successfully: orderId=6
2026-06-17T01:17:24.431+05:30  INFO 16832 --- [food-delivery-system] [fds-async-5] c.b.f.m.publisher.OrderEventPublisher    : Order status event published to Kafka: orderId=6, status=PENDING
2026-06-17T01:17:24.431+05:30  INFO 16832 --- [food-delivery-system] [fds-async-2] c.b.f.m.publisher.OrderEventPublisher    : Order notification sent to restaurant via RabbitMQ: orderId=6
2026-06-17T01:17:24.437+05:30  INFO 16832 --- [food-delivery-system] [org.springframework.amqp.rabbit.RabbitListenerEndpointContainer#0-1] c.b.f.m.c.OrderNotificationConsumer      : [RESTAURANT NOTIFICATION] New order received! orderId=6, customer=Balu Aravindh, restaurant=Giri's South Indian Kitchen, amount=135.00
2026-06-17T01:17:27.018+05:30  INFO 16832 --- [food-delivery-system] [scheduling-1] c.b.f.service.OrderSchedulerService      : [SCHEDULER] Checking for unpaid orders...
2026-06-17T01:17:27.022+05:30  INFO 16832 --- [food-delivery-system] [scheduling-1] c.b.f.service.OrderSchedulerService      : [SCHEDULER] No unpaid orders found.
2026-06-17T01:17:30.417+05:30  INFO 16832 --- [food-delivery-system] [fds-async-3] c.b.f.service.EmailService               : Order confirmation email sent to: balu@gmail.com for order: 6
2026-06-17T01:18:27.013+05:30  INFO 16832 --- [food-delivery-system] [scheduling-2] c.b.f.service.OrderSchedulerService      : [SCHEDULER] Checking for unpaid orders...
2026-06-17T01:18:27.166+05:30  INFO 16832 --- [food-delivery-system] [scheduling-2] c.b.f.service.OrderSchedulerService      : [SCHEDULER] Order 4 auto-cancelled on thread: scheduling-2
2026-06-17T01:18:27.167+05:30  INFO 16832 --- [food-delivery-system] [fds-async-1] c.b.f.m.publisher.OrderEventPublisher    : Order status event published to Kafka: orderId=4, status=CANCELLED
2026-06-17T01:18:27.190+05:30  INFO 16832 --- [food-delivery-system] [scheduling-2] c.b.f.service.OrderSchedulerService      : [SCHEDULER] Order 5 auto-cancelled on thread: scheduling-2
2026-06-17T01:18:27.190+05:30  INFO 16832 --- [food-delivery-system] [fds-async-4] c.b.f.m.publisher.OrderEventPublisher    : Order status event published to Kafka: orderId=5, status=CANCELLED
2026-06-17T01:18:27.214+05:30  INFO 16832 --- [food-delivery-system] [scheduling-2] c.b.f.service.OrderSchedulerService      : [SCHEDULER] Order 6 auto-cancelled on thread: scheduling-2
2026-06-17T01:18:27.215+05:30  INFO 16832 --- [food-delivery-system] [scheduling-2] c.b.f.service.OrderSchedulerService      : [SCHEDULER] 3 orders cancelled
2026-06-17T01:18:27.215+05:30  INFO 16832 --- [food-delivery-system] [fds-async-5] c.b.f.m.publisher.OrderEventPublisher    : Order status event published to Kafka: orderId=6, status=CANCELLED
2026-06-17T01:19:27.009+05:30  INFO 16832 --- [food-delivery-system] [scheduling-1] c.b.f.service.OrderSchedulerService      : [SCHEDULER] Checking for unpaid orders...
2026-06-17T01:19:27.013+05:30  INFO 16832 --- [food-delivery-system] [scheduling-1] c.b.f.service.OrderSchedulerService      : [SCHEDULER] No unpaid orders found.
2026-06-17T01:20:27.006+05:30  INFO 16832 --- [food-delivery-system] [scheduling-3] c.b.f.service.OrderSchedulerService      : [SCHEDULER] Checking for unpaid orders...
2026-06-17T01:20:27.011+05:30  INFO 16832 --- [food-delivery-system] [scheduling-3] c.b.f.service.OrderSchedulerService      : [SCHEDULER] No unpaid orders found.
2026-06-17T01:21:27.014+05:30  INFO 16832 --- [food-delivery-system] [scheduling-3] c.b.f.service.OrderSchedulerService      : [SCHEDULER] Checking for unpaid orders...
2026-06-17T01:21:27.018+05:30  INFO 16832 --- [food-delivery-system] [scheduling-3] c.b.f.service.OrderSchedulerService      : [SCHEDULER] No unpaid orders found.
2026-06-17T01:22:27.008+05:30  INFO 16832 --- [food-delivery-system] [scheduling-3] c.b.f.service.OrderSchedulerService      : [SCHEDULER] Checking for unpaid orders...
2026-06-17T01:22:27.008+05:30  INFO 16832 --- [food-delivery-system] [scheduling-3] c.b.f.service.OrderSchedulerService      : [SCHEDULER] No unpaid orders found.
2026-06-17T01:23:27.008+05:30  INFO 16832 --- [food-delivery-system] [scheduling-3] c.b.f.service.OrderSchedulerService      : [SCHEDULER] Checking for unpaid orders...
2026-06-17T01:23:27.012+05:30  INFO 16832 --- [food-delivery-system] [scheduling-3] c.b.f.service.OrderSchedulerService      : [SCHEDULER] No unpaid orders found.
2026-06-17T01:24:26.994+05:30  INFO 16832 --- [food-delivery-system] [scheduling-3] c.b.f.service.OrderSchedulerService      : [SCHEDULER] Checking for unpaid orders...
2026-06-17T01:24:26.997+05:30  INFO 16832 --- [food-delivery-system] [scheduling-3] c.b.f.service.OrderSchedulerService      : [SCHEDULER] No unpaid orders found.
2026-06-17T01:25:26.993+05:30  INFO 16832 --- [food-delivery-system] [scheduling-3] c.b.f.service.OrderSchedulerService      : [SCHEDULER] Checking for unpaid orders...
2026-06-17T01:25:27.131+05:30  INFO 16832 --- [food-delivery-system] [scheduling-3] c.b.f.service.OrderSchedulerService      : [SCHEDULER] No unpaid orders found.
2026-06-17T01:26:26.998+05:30  INFO 16832 --- [food-delivery-system] [scheduling-3] c.b.f.service.OrderSchedulerService      : [SCHEDULER] Checking for unpaid orders...
2026-06-17T01:26:27.002+05:30  INFO 16832 --- [food-delivery-system] [scheduling-3] c.b.f.service.OrderSchedulerService      : [SCHEDULER] No unpaid orders found.
2026-06-17T01:27:26.997+05:30  INFO 16832 --- [food-delivery-system] [scheduling-3] c.b.f.service.OrderSchedulerService      : [SCHEDULER] Checking for unpaid orders...
2026-06-17T01:27:27.002+05:30  INFO 16832 --- [food-delivery-system] [scheduling-3] c.b.f.service.OrderSchedulerService      : [SCHEDULER] No unpaid orders found.
2026-06-17T01:28:26.994+05:30  INFO 16832 --- [food-delivery-system] [scheduling-3] c.b.f.service.OrderSchedulerService      : [SCHEDULER] Checking for unpaid orders...
2026-06-17T01:28:26.998+05:30  INFO 16832 --- [food-delivery-system] [scheduling-3] c.b.f.service.OrderSchedulerService      : [SCHEDULER] No unpaid orders found.
2026-06-17T01:29:26.980+05:30  INFO 16832 --- [food-delivery-system] [scheduling-3] c.b.f.service.OrderSchedulerService      : [SCHEDULER] Checking for unpaid orders...
2026-06-17T01:29:27.106+05:30  INFO 16832 --- [food-delivery-system] [scheduling-3] c.b.f.service.OrderSchedulerService      : [SCHEDULER] No unpaid orders found.
2026-06-17T01:30:26.976+05:30  INFO 16832 --- [food-delivery-system] [scheduling-3] c.b.f.service.OrderSchedulerService      : [SCHEDULER] Checking for unpaid orders...
2026-06-17T01:30:26.993+05:30  INFO 16832 --- [food-delivery-system] [scheduling-3] c.b.f.service.OrderSchedulerService      : [SCHEDULER] No unpaid orders found.
2026-06-17T01:31:26.974+05:30  INFO 16832 --- [food-delivery-system] [scheduling-3] c.b.f.service.OrderSchedulerService      : [SCHEDULER] Checking for unpaid orders...
2026-06-17T01:31:27.427+05:30  INFO 16832 --- [food-delivery-system] [scheduling-3] c.b.f.service.OrderSchedulerService      : [SCHEDULER] No unpaid orders found.
2026-06-17T01:32:26.971+05:30  INFO 16832 --- [food-delivery-system] [scheduling-3] c.b.f.service.OrderSchedulerService      : [SCHEDULER] Checking for unpaid orders...
2026-06-17T01:32:26.974+05:30  INFO 16832 --- [food-delivery-system] [scheduling-3] c.b.f.service.OrderSchedulerService      : [SCHEDULER] No unpaid orders found.
2026-06-17T01:33:26.975+05:30  INFO 16832 --- [food-delivery-system] [scheduling-3] c.b.f.service.OrderSchedulerService      : [SCHEDULER] Checking for unpaid orders...
2026-06-17T01:33:27.055+05:30  INFO 16832 --- [food-delivery-system] [scheduling-3] c.b.f.service.OrderSchedulerService      : [SCHEDULER] No unpaid orders found.
2026-06-17T01:34:26.976+05:30  INFO 16832 --- [food-delivery-system] [scheduling-3] c.b.f.service.OrderSchedulerService      : [SCHEDULER] Checking for unpaid orders...
2026-06-17T01:34:27.016+05:30  INFO 16832 --- [food-delivery-system] [scheduling-3] c.b.f.service.OrderSchedulerService      : [SCHEDULER] No unpaid orders found.
2026-06-17T01:35:26.964+05:30  INFO 16832 --- [food-delivery-system] [scheduling-3] c.b.f.service.OrderSchedulerService      : [SCHEDULER] Checking for unpaid orders...
2026-06-17T01:35:26.968+05:30  INFO 16832 --- [food-delivery-system] [scheduling-3] c.b.f.service.OrderSchedulerService      : [SCHEDULER] No unpaid orders found.
2026-06-17T01:36:26.961+05:30  INFO 16832 --- [food-delivery-system] [scheduling-3] c.b.f.service.OrderSchedulerService      : [SCHEDULER] Checking for unpaid orders...
2026-06-17T01:36:26.965+05:30  INFO 16832 --- [food-delivery-system] [scheduling-3] c.b.f.service.OrderSchedulerService      : [SCHEDULER] No unpaid orders found.
2026-06-17T01:37:00.732+05:30  INFO 16832 --- [food-delivery-system] [org.springframework.amqp.rabbit.RabbitListenerEndpointContainer#0-2] o.s.a.r.l.SimpleMessageListenerContainer : Waiting for workers to finish.
2026-06-17T01:37:00.733+05:30  INFO 16832 --- [food-delivery-system] [org.springframework.amqp.rabbit.RabbitListenerEndpointContainer#0-2] o.s.a.r.l.SimpleMessageListenerContainer : Successfully waited for workers to finish.
2026-06-17T01:37:00.881+05:30  INFO 16832 --- [food-delivery-system] [SpringApplicationShutdownHook] o.s.b.w.e.tomcat.GracefulShutdown        : Commencing graceful shutdown. Waiting for active requests to complete
2026-06-17T01:37:01.455+05:30  INFO 16832 --- [food-delivery-system] [tomcat-shutdown] o.s.b.w.e.tomcat.GracefulShutdown        : Graceful shutdown complete
2026-06-17T01:37:01.846+05:30  INFO 16832 --- [food-delivery-system] [SpringApplicationShutdownHook] o.a.k.clients.producer.KafkaProducer     : [Producer clientId=food-delivery-system-producer-1] Closing the Kafka producer with timeoutMillis = 30000 ms.
2026-06-17T01:37:02.024+05:30  INFO 16832 --- [food-delivery-system] [SpringApplicationShutdownHook] o.apache.kafka.common.metrics.Metrics    : Metrics scheduler closed
2026-06-17T01:37:02.024+05:30  INFO 16832 --- [food-delivery-system] [SpringApplicationShutdownHook] o.apache.kafka.common.metrics.Metrics    : Closing reporter org.apache.kafka.common.metrics.JmxReporter
2026-06-17T01:37:02.024+05:30  INFO 16832 --- [food-delivery-system] [SpringApplicationShutdownHook] o.apache.kafka.common.metrics.Metrics    : Closing reporter org.apache.kafka.common.telemetry.internals.ClientTelemetryReporter
2026-06-17T01:37:02.024+05:30  INFO 16832 --- [food-delivery-system] [SpringApplicationShutdownHook] o.apache.kafka.common.metrics.Metrics    : Metrics reporters closed
2026-06-17T01:37:02.057+05:30  INFO 16832 --- [food-delivery-system] [SpringApplicationShutdownHook] o.a.kafka.common.utils.AppInfoParser     : App info kafka.producer for food-delivery-system-producer-1 unregistered
2026-06-17T01:37:02.328+05:30  INFO 16832 --- [food-delivery-system] [SpringApplicationShutdownHook] j.LocalContainerEntityManagerFactoryBean : Closing JPA EntityManagerFactory for persistence unit 'default'
2026-06-17T01:37:02.466+05:30  INFO 16832 --- [food-delivery-system] [SpringApplicationShutdownHook] com.zaxxer.hikari.HikariDataSource       : HikariPool-1 - Shutdown initiated...
2026-06-17T01:37:02.584+05:30  INFO 16832 --- [food-delivery-system] [SpringApplicationShutdownHook] com.zaxxer.hikari.HikariDataSource       : HikariPool-1 - Shutdown completed.
2026-06-17T01:37:18.880+05:30  INFO 21184 --- [food-delivery-system] [restartedMain] c.b.f.FoodDeliverySystemApplication      : Starting FoodDeliverySystemApplication using Java 25.0.1 with PID 21184 (C:\Users\gpbal\Downloads\food-delivery-system\food-delivery-system\target\classes started by gpbal in C:\Users\gpbal\Downloads\food-delivery-system)
2026-06-17T01:37:18.882+05:30 DEBUG 21184 --- [food-delivery-system] [restartedMain] c.b.f.FoodDeliverySystemApplication      : Running with Spring Boot v3.5.14, Spring v6.2.18
2026-06-17T01:37:18.883+05:30  INFO 21184 --- [food-delivery-system] [restartedMain] c.b.f.FoodDeliverySystemApplication      : No active profile set, falling back to 1 default profile: "default"
2026-06-17T01:37:18.955+05:30  INFO 21184 --- [food-delivery-system] [restartedMain] .e.DevToolsPropertyDefaultsPostProcessor : Devtools property defaults active! Set 'spring.devtools.add-properties' to 'false' to disable
2026-06-17T01:37:18.956+05:30  INFO 21184 --- [food-delivery-system] [restartedMain] .e.DevToolsPropertyDefaultsPostProcessor : For additional web related logging consider setting the 'logging.level.web' property to 'DEBUG'
2026-06-17T01:37:20.572+05:30  INFO 21184 --- [food-delivery-system] [restartedMain] .s.d.r.c.RepositoryConfigurationDelegate : Multiple Spring Data modules found, entering strict repository configuration mode
2026-06-17T01:37:20.579+05:30  INFO 21184 --- [food-delivery-system] [restartedMain] .s.d.r.c.RepositoryConfigurationDelegate : Bootstrapping Spring Data JPA repositories in DEFAULT mode.
2026-06-17T01:37:20.829+05:30  INFO 21184 --- [food-delivery-system] [restartedMain] .s.d.r.c.RepositoryConfigurationDelegate : Finished Spring Data repository scanning in 237 ms. Found 9 JPA repository interfaces.
2026-06-17T01:37:20.860+05:30  INFO 21184 --- [food-delivery-system] [restartedMain] .s.d.r.c.RepositoryConfigurationDelegate : Multiple Spring Data modules found, entering strict repository configuration mode
2026-06-17T01:37:20.861+05:30  INFO 21184 --- [food-delivery-system] [restartedMain] .s.d.r.c.RepositoryConfigurationDelegate : Bootstrapping Spring Data Redis repositories in DEFAULT mode.
2026-06-17T01:37:20.889+05:30  INFO 21184 --- [food-delivery-system] [restartedMain] .RepositoryConfigurationExtensionSupport : Spring Data Redis - Could not safely identify store assignment for repository candidate interface com.balu.food_delivery_system.repository.CartItemRepository; If you want this repository to be a Redis repository, consider annotating your entities with one of these annotations: org.springframework.data.redis.core.RedisHash (preferred), or consider extending one of the following types with your repository: org.springframework.data.keyvalue.repository.KeyValueRepository
2026-06-17T01:37:20.890+05:30  INFO 21184 --- [food-delivery-system] [restartedMain] .RepositoryConfigurationExtensionSupport : Spring Data Redis - Could not safely identify store assignment for repository candidate interface com.balu.food_delivery_system.repository.CartRepository; If you want this repository to be a Redis repository, consider annotating your entities with one of these annotations: org.springframework.data.redis.core.RedisHash (preferred), or consider extending one of the following types with your repository: org.springframework.data.keyvalue.repository.KeyValueRepository
2026-06-17T01:37:20.891+05:30  INFO 21184 --- [food-delivery-system] [restartedMain] .RepositoryConfigurationExtensionSupport : Spring Data Redis - Could not safely identify store assignment for repository candidate interface com.balu.food_delivery_system.repository.MenuCategoryRepository; If you want this repository to be a Redis repository, consider annotating your entities with one of these annotations: org.springframework.data.redis.core.RedisHash (preferred), or consider extending one of the following types with your repository: org.springframework.data.keyvalue.repository.KeyValueRepository
2026-06-17T01:37:20.891+05:30  INFO 21184 --- [food-delivery-system] [restartedMain] .RepositoryConfigurationExtensionSupport : Spring Data Redis - Could not safely identify store assignment for repository candidate interface com.balu.food_delivery_system.repository.MenuItemRepository; If you want this repository to be a Redis repository, consider annotating your entities with one of these annotations: org.springframework.data.redis.core.RedisHash (preferred), or consider extending one of the following types with your repository: org.springframework.data.keyvalue.repository.KeyValueRepository
2026-06-17T01:37:20.891+05:30  INFO 21184 --- [food-delivery-system] [restartedMain] .RepositoryConfigurationExtensionSupport : Spring Data Redis - Could not safely identify store assignment for repository candidate interface com.balu.food_delivery_system.repository.OrderItemRepository; If you want this repository to be a Redis repository, consider annotating your entities with one of these annotations: org.springframework.data.redis.core.RedisHash (preferred), or consider extending one of the following types with your repository: org.springframework.data.keyvalue.repository.KeyValueRepository
2026-06-17T01:37:20.892+05:30  INFO 21184 --- [food-delivery-system] [restartedMain] .RepositoryConfigurationExtensionSupport : Spring Data Redis - Could not safely identify store assignment for repository candidate interface com.balu.food_delivery_system.repository.OrderRepository; If you want this repository to be a Redis repository, consider annotating your entities with one of these annotations: org.springframework.data.redis.core.RedisHash (preferred), or consider extending one of the following types with your repository: org.springframework.data.keyvalue.repository.KeyValueRepository
2026-06-17T01:37:20.892+05:30  INFO 21184 --- [food-delivery-system] [restartedMain] .RepositoryConfigurationExtensionSupport : Spring Data Redis - Could not safely identify store assignment for repository candidate interface com.balu.food_delivery_system.repository.RefreshTokenRepository; If you want this repository to be a Redis repository, consider annotating your entities with one of these annotations: org.springframework.data.redis.core.RedisHash (preferred), or consider extending one of the following types with your repository: org.springframework.data.keyvalue.repository.KeyValueRepository
2026-06-17T01:37:20.893+05:30  INFO 21184 --- [food-delivery-system] [restartedMain] .RepositoryConfigurationExtensionSupport : Spring Data Redis - Could not safely identify store assignment for repository candidate interface com.balu.food_delivery_system.repository.RestaurantRepository; If you want this repository to be a Redis repository, consider annotating your entities with one of these annotations: org.springframework.data.redis.core.RedisHash (preferred), or consider extending one of the following types with your repository: org.springframework.data.keyvalue.repository.KeyValueRepository
2026-06-17T01:37:20.893+05:30  INFO 21184 --- [food-delivery-system] [restartedMain] .RepositoryConfigurationExtensionSupport : Spring Data Redis - Could not safely identify store assignment for repository candidate interface com.balu.food_delivery_system.repository.UserRepository; If you want this repository to be a Redis repository, consider annotating your entities with one of these annotations: org.springframework.data.redis.core.RedisHash (preferred), or consider extending one of the following types with your repository: org.springframework.data.keyvalue.repository.KeyValueRepository
2026-06-17T01:37:20.893+05:30  INFO 21184 --- [food-delivery-system] [restartedMain] .s.d.r.c.RepositoryConfigurationDelegate : Finished Spring Data repository scanning in 18 ms. Found 0 Redis repository interfaces.
2026-06-17T01:37:21.931+05:30  INFO 21184 --- [food-delivery-system] [restartedMain] o.s.b.w.embedded.tomcat.TomcatWebServer  : Tomcat initialized with port 8080 (http)
2026-06-17T01:37:21.952+05:30  INFO 21184 --- [food-delivery-system] [restartedMain] o.apache.catalina.core.StandardService   : Starting service [Tomcat]
2026-06-17T01:37:21.954+05:30  INFO 21184 --- [food-delivery-system] [restartedMain] o.apache.catalina.core.StandardEngine    : Starting Servlet engine: [Apache Tomcat/10.1.54]
2026-06-17T01:37:22.046+05:30  INFO 21184 --- [food-delivery-system] [restartedMain] o.a.c.c.C.[Tomcat].[localhost].[/]       : Initializing Spring embedded WebApplicationContext
2026-06-17T01:37:22.047+05:30  INFO 21184 --- [food-delivery-system] [restartedMain] w.s.c.ServletWebServerApplicationContext : Root WebApplicationContext: initialization completed in 3091 ms
2026-06-17T01:37:22.591+05:30  INFO 21184 --- [food-delivery-system] [restartedMain] o.hibernate.jpa.internal.util.LogHelper  : HHH000204: Processing PersistenceUnitInfo [name: default]
2026-06-17T01:37:22.699+05:30  INFO 21184 --- [food-delivery-system] [restartedMain] org.hibernate.Version                    : HHH000412: Hibernate ORM core version 6.6.49.Final
2026-06-17T01:37:22.762+05:30  INFO 21184 --- [food-delivery-system] [restartedMain] o.h.c.internal.RegionFactoryInitiator    : HHH000026: Second-level cache disabled
2026-06-17T01:37:23.159+05:30  INFO 21184 --- [food-delivery-system] [restartedMain] o.s.o.j.p.SpringPersistenceUnitInfo      : No LoadTimeWeaver setup: ignoring JPA class transformer
2026-06-17T01:37:23.202+05:30  INFO 21184 --- [food-delivery-system] [restartedMain] com.zaxxer.hikari.HikariDataSource       : HikariPool-1 - Starting...
2026-06-17T01:37:24.658+05:30  INFO 21184 --- [food-delivery-system] [restartedMain] com.zaxxer.hikari.pool.HikariPool        : HikariPool-1 - Added connection com.mysql.cj.jdbc.ConnectionImpl@37d20f97
2026-06-17T01:37:24.660+05:30  INFO 21184 --- [food-delivery-system] [restartedMain] com.zaxxer.hikari.HikariDataSource       : HikariPool-1 - Start completed.
2026-06-17T01:37:25.037+05:30  WARN 21184 --- [food-delivery-system] [restartedMain] org.hibernate.orm.deprecation            : HHH90000025: MySQLDialect does not need to be specified explicitly using 'hibernate.dialect' (remove the property setting and it will be selected by default)
2026-06-17T01:37:25.063+05:30  INFO 21184 --- [food-delivery-system] [restartedMain] org.hibernate.orm.connections.pooling    : HHH10001005: Database info:
	Database JDBC URL [Connecting through datasource 'HikariDataSource (HikariPool-1)']
	Database driver: undefined/unknown
	Database version: 9.6
	Autocommit mode: undefined/unknown
	Isolation level: undefined/unknown
	Minimum pool size: undefined/unknown
	Maximum pool size: undefined/unknown
2026-06-17T01:37:26.516+05:30  INFO 21184 --- [food-delivery-system] [restartedMain] o.h.e.t.j.p.i.JtaPlatformInitiator       : HHH000489: No JTA platform available (set 'hibernate.transaction.jta.platform' to enable JTA platform integration)
2026-06-17T01:37:33.404+05:30  INFO 21184 --- [food-delivery-system] [restartedMain] j.LocalContainerEntityManagerFactoryBean : Initialized JPA EntityManagerFactory for persistence unit 'default'
2026-06-17T01:37:33.851+05:30 DEBUG 21184 --- [food-delivery-system] [restartedMain] c.b.f.security.JwtFilter                 : Filter 'jwtFilter' configured for use
2026-06-17T01:37:35.183+05:30  INFO 21184 --- [food-delivery-system] [restartedMain] o.s.d.j.r.query.QueryEnhancerFactory     : Hibernate is in classpath; If applicable, HQL parser will be used.
2026-06-17T01:37:36.294+05:30  WARN 21184 --- [food-delivery-system] [restartedMain] JpaBaseConfiguration$JpaWebConfiguration : spring.jpa.open-in-view is enabled by default. Therefore, database queries may be performed during view rendering. Explicitly configure spring.jpa.open-in-view to disable this warning
2026-06-17T01:37:36.357+05:30  INFO 21184 --- [food-delivery-system] [restartedMain] eAuthenticationProviderManagerConfigurer : Global AuthenticationManager configured with AuthenticationProvider bean with name authenticationProvider
2026-06-17T01:37:36.357+05:30  WARN 21184 --- [food-delivery-system] [restartedMain] r$InitializeUserDetailsManagerConfigurer : Global AuthenticationManager configured with an AuthenticationProvider bean. UserDetailsService beans will not be used by Spring Security for automatically configuring username/password login. Consider removing the AuthenticationProvider bean. Alternatively, consider using the UserDetailsService in a manually instantiated DaoAuthenticationProvider. If the current configuration is intentional, to turn off this warning, increase the logging level of 'org.springframework.security.config.annotation.authentication.configuration.InitializeUserDetailsBeanManagerConfigurer' to ERROR
2026-06-17T01:37:37.513+05:30  INFO 21184 --- [food-delivery-system] [restartedMain] o.s.b.d.a.OptionalLiveReloadServer       : LiveReload server is running on port 35729
2026-06-17T01:37:37.592+05:30  INFO 21184 --- [food-delivery-system] [restartedMain] o.a.k.clients.admin.AdminClientConfig    : AdminClientConfig values: 
	auto.include.jmx.reporter = true
	bootstrap.controllers = []
	bootstrap.servers = [localhost:9092]
	client.dns.lookup = use_all_dns_ips
	client.id = food-delivery-system-admin-0
	connections.max.idle.ms = 300000
	default.api.timeout.ms = 60000
	enable.metrics.push = true
	metadata.max.age.ms = 300000
	metadata.recovery.strategy = none
	metric.reporters = []
	metrics.num.samples = 2
	metrics.recording.level = INFO
	metrics.sample.window.ms = 30000
	receive.buffer.bytes = 65536
	reconnect.backoff.max.ms = 1000
	reconnect.backoff.ms = 50
	request.timeout.ms = 30000
	retries = 2147483647
	retry.backoff.max.ms = 1000
	retry.backoff.ms = 100
	sasl.client.callback.handler.class = null
	sasl.jaas.config = null
	sasl.kerberos.kinit.cmd = /usr/bin/kinit
	sasl.kerberos.min.time.before.relogin = 60000
	sasl.kerberos.service.name = null
	sasl.kerberos.ticket.renew.jitter = 0.05
	sasl.kerberos.ticket.renew.window.factor = 0.8
	sasl.login.callback.handler.class = null
	sasl.login.class = null
	sasl.login.connect.timeout.ms = null
	sasl.login.read.timeout.ms = null
	sasl.login.refresh.buffer.seconds = 300
	sasl.login.refresh.min.period.seconds = 60
	sasl.login.refresh.window.factor = 0.8
	sasl.login.refresh.window.jitter = 0.05
	sasl.login.retry.backoff.max.ms = 10000
	sasl.login.retry.backoff.ms = 100
	sasl.mechanism = GSSAPI
	sasl.oauthbearer.clock.skew.seconds = 30
	sasl.oauthbearer.expected.audience = null
	sasl.oauthbearer.expected.issuer = null
	sasl.oauthbearer.header.urlencode = false
	sasl.oauthbearer.jwks.endpoint.refresh.ms = 3600000
	sasl.oauthbearer.jwks.endpoint.retry.backoff.max.ms = 10000
	sasl.oauthbearer.jwks.endpoint.retry.backoff.ms = 100
	sasl.oauthbearer.jwks.endpoint.url = null
	sasl.oauthbearer.scope.claim.name = scope
	sasl.oauthbearer.sub.claim.name = sub
	sasl.oauthbearer.token.endpoint.url = null
	security.protocol = PLAINTEXT
	security.providers = null
	send.buffer.bytes = 131072
	socket.connection.setup.timeout.max.ms = 30000
	socket.connection.setup.timeout.ms = 10000
	ssl.cipher.suites = null
	ssl.enabled.protocols = [TLSv1.2, TLSv1.3]
	ssl.endpoint.identification.algorithm = https
	ssl.engine.factory.class = null
	ssl.key.password = null
	ssl.keymanager.algorithm = SunX509
	ssl.keystore.certificate.chain = null
	ssl.keystore.key = null
	ssl.keystore.location = null
	ssl.keystore.password = null
	ssl.keystore.type = JKS
	ssl.protocol = TLSv1.3
	ssl.provider = null
	ssl.secure.random.implementation = null
	ssl.trustmanager.algorithm = PKIX
	ssl.truststore.certificates = null
	ssl.truststore.location = null
	ssl.truststore.password = null
	ssl.truststore.type = JKS

2026-06-17T01:37:37.822+05:30  INFO 21184 --- [food-delivery-system] [restartedMain] o.a.kafka.common.utils.AppInfoParser     : Kafka version: 3.9.2
2026-06-17T01:37:37.824+05:30  INFO 21184 --- [food-delivery-system] [restartedMain] o.a.kafka.common.utils.AppInfoParser     : Kafka commitId: 5e9866f43ab8e7e4
2026-06-17T01:37:37.824+05:30  INFO 21184 --- [food-delivery-system] [restartedMain] o.a.kafka.common.utils.AppInfoParser     : Kafka startTimeMs: 1781640457820
2026-06-17T01:37:42.362+05:30  INFO 21184 --- [food-delivery-system] [kafka-admin-client-thread | food-delivery-system-admin-0] o.a.kafka.common.utils.AppInfoParser     : App info kafka.admin.client for food-delivery-system-admin-0 unregistered
2026-06-17T01:37:42.367+05:30  INFO 21184 --- [food-delivery-system] [kafka-admin-client-thread | food-delivery-system-admin-0] o.apache.kafka.common.metrics.Metrics    : Metrics scheduler closed
2026-06-17T01:37:42.368+05:30  INFO 21184 --- [food-delivery-system] [kafka-admin-client-thread | food-delivery-system-admin-0] o.apache.kafka.common.metrics.Metrics    : Closing reporter org.apache.kafka.common.metrics.JmxReporter
2026-06-17T01:37:42.368+05:30  INFO 21184 --- [food-delivery-system] [kafka-admin-client-thread | food-delivery-system-admin-0] o.apache.kafka.common.metrics.Metrics    : Metrics reporters closed
2026-06-17T01:37:42.385+05:30  INFO 21184 --- [food-delivery-system] [restartedMain] o.s.b.w.embedded.tomcat.TomcatWebServer  : Tomcat started on port 8080 (http) with context path '/'
2026-06-17T01:37:42.388+05:30  INFO 21184 --- [food-delivery-system] [restartedMain] o.s.a.r.c.CachingConnectionFactory       : Attempting to connect to: [localhost:5672]
2026-06-17T01:37:45.229+05:30  INFO 21184 --- [food-delivery-system] [restartedMain] o.s.a.r.c.CachingConnectionFactory       : Created new connection: rabbitConnectionFactory#27fdc340:0/SimpleConnection@357f6f7d [delegate=amqp://guest@127.0.0.1:5672/, localPort=53569]
2026-06-17T01:37:46.701+05:30  INFO 21184 --- [food-delivery-system] [restartedMain] c.b.f.FoodDeliverySystemApplication      : Started FoodDeliverySystemApplication in 28.428 seconds (process running for 29.292)
2026-06-17T01:37:46.705+05:30  INFO 21184 --- [food-delivery-system] [scheduling-1] c.b.f.service.OrderSchedulerService      : [SCHEDULER] Checking for unpaid orders...
2026-06-17T01:37:46.847+05:30  INFO 21184 --- [food-delivery-system] [scheduling-1] c.b.f.service.OrderSchedulerService      : [SCHEDULER] No unpaid orders found.
2026-06-17T01:38:15.253+05:30  INFO 21184 --- [food-delivery-system] [http-nio-8080-exec-1] o.a.c.c.C.[Tomcat].[localhost].[/]       : Initializing Spring DispatcherServlet 'dispatcherServlet'
2026-06-17T01:38:15.253+05:30  INFO 21184 --- [food-delivery-system] [http-nio-8080-exec-1] o.s.web.servlet.DispatcherServlet        : Initializing Servlet 'dispatcherServlet'
2026-06-17T01:38:15.253+05:30  INFO 21184 --- [food-delivery-system] [http-nio-8080-exec-1] o.s.web.servlet.DispatcherServlet        : Completed initialization in 0 ms
2026-06-17T01:38:17.238+05:30  INFO 21184 --- [food-delivery-system] [http-nio-8080-exec-8] o.springdoc.api.AbstractOpenApiResource  : Init duration for springdoc-openapi is: 736 ms
2026-06-17T01:38:40.076+05:30  INFO 21184 --- [food-delivery-system] [http-nio-8080-exec-10] c.b.f.service.UserService                : Login attempt for email: giri@gmail.com
2026-06-17T01:38:40.782+05:30  INFO 21184 --- [food-delivery-system] [http-nio-8080-exec-10] c.b.f.service.UserService                : Login successful for: giri@gmail.com
2026-06-17T01:38:46.701+05:30  INFO 21184 --- [food-delivery-system] [scheduling-1] c.b.f.service.OrderSchedulerService      : [SCHEDULER] Checking for unpaid orders...
2026-06-17T01:38:46.705+05:30  INFO 21184 --- [food-delivery-system] [scheduling-1] c.b.f.service.OrderSchedulerService      : [SCHEDULER] No unpaid orders found.
2026-06-17T01:39:06.068+05:30  INFO 21184 --- [food-delivery-system] [http-nio-8080-exec-9] c.b.f.service.RestaurantService          : Fetching approved restaurants
2026-06-17T01:39:22.411+05:30  INFO 21184 --- [food-delivery-system] [http-nio-8080-exec-4] c.b.f.service.RestaurantService          : Fetching approved restaurants
2026-06-17T01:39:37.813+05:30  INFO 21184 --- [food-delivery-system] [http-nio-8080-exec-6] c.b.f.service.RestaurantService          : Fetching approved restaurants
2026-06-17T01:39:46.704+05:30  INFO 21184 --- [food-delivery-system] [scheduling-2] c.b.f.service.OrderSchedulerService      : [SCHEDULER] Checking for unpaid orders...
2026-06-17T01:39:46.708+05:30  INFO 21184 --- [food-delivery-system] [scheduling-2] c.b.f.service.OrderSchedulerService      : [SCHEDULER] No unpaid orders found.
2026-06-17T01:40:46.705+05:30  INFO 21184 --- [food-delivery-system] [scheduling-1] c.b.f.service.OrderSchedulerService      : [SCHEDULER] Checking for unpaid orders...
2026-06-17T01:40:46.709+05:30  INFO 21184 --- [food-delivery-system] [scheduling-1] c.b.f.service.OrderSchedulerService      : [SCHEDULER] No unpaid orders found.
2026-06-17T01:40:58.352+05:30  INFO 21184 --- [food-delivery-system] [http-nio-8080-exec-5] c.b.f.service.RestaurantService          : Fetching approved restaurants
2026-06-17T01:41:46.697+05:30  INFO 21184 --- [food-delivery-system] [scheduling-3] c.b.f.service.OrderSchedulerService      : [SCHEDULER] Checking for unpaid orders...
2026-06-17T01:41:46.700+05:30  INFO 21184 --- [food-delivery-system] [scheduling-3] c.b.f.service.OrderSchedulerService      : [SCHEDULER] No unpaid orders found.
2026-06-17T01:42:46.692+05:30  INFO 21184 --- [food-delivery-system] [scheduling-3] c.b.f.service.OrderSchedulerService      : [SCHEDULER] Checking for unpaid orders...
2026-06-17T01:42:46.696+05:30  INFO 21184 --- [food-delivery-system] [scheduling-3] c.b.f.service.OrderSchedulerService      : [SCHEDULER] No unpaid orders found.
2026-06-17T01:43:46.691+05:30  INFO 21184 --- [food-delivery-system] [scheduling-3] c.b.f.service.OrderSchedulerService      : [SCHEDULER] Checking for unpaid orders...
2026-06-17T01:43:46.695+05:30  INFO 21184 --- [food-delivery-system] [scheduling-3] c.b.f.service.OrderSchedulerService      : [SCHEDULER] No unpaid orders found.
2026-06-17T01:44:41.802+05:30  INFO 21184 --- [food-delivery-system] [org.springframework.amqp.rabbit.RabbitListenerEndpointContainer#0-2] o.s.a.r.l.SimpleMessageListenerContainer : Waiting for workers to finish.
2026-06-17T01:44:42.700+05:30  INFO 21184 --- [food-delivery-system] [org.springframework.amqp.rabbit.RabbitListenerEndpointContainer#0-2] o.s.a.r.l.SimpleMessageListenerContainer : Successfully waited for workers to finish.
2026-06-17T01:44:42.701+05:30  INFO 21184 --- [food-delivery-system] [SpringApplicationShutdownHook] o.s.b.w.e.tomcat.GracefulShutdown        : Commencing graceful shutdown. Waiting for active requests to complete
2026-06-17T01:44:42.708+05:30  INFO 21184 --- [food-delivery-system] [tomcat-shutdown] o.s.b.w.e.tomcat.GracefulShutdown        : Graceful shutdown complete
2026-06-17T01:44:42.850+05:30  INFO 21184 --- [food-delivery-system] [SpringApplicationShutdownHook] j.LocalContainerEntityManagerFactoryBean : Closing JPA EntityManagerFactory for persistence unit 'default'
2026-06-17T01:44:42.855+05:30  INFO 21184 --- [food-delivery-system] [SpringApplicationShutdownHook] com.zaxxer.hikari.HikariDataSource       : HikariPool-1 - Shutdown initiated...
2026-06-17T01:44:43.001+05:30  INFO 21184 --- [food-delivery-system] [SpringApplicationShutdownHook] com.zaxxer.hikari.HikariDataSource       : HikariPool-1 - Shutdown completed.
2026-06-17T01:44:50.567+05:30  INFO 18132 --- [food-delivery-system] [restartedMain] c.b.f.FoodDeliverySystemApplication      : Starting FoodDeliverySystemApplication using Java 25.0.1 with PID 18132 (C:\Users\gpbal\Downloads\food-delivery-system\food-delivery-system\target\classes started by gpbal in C:\Users\gpbal\Downloads\food-delivery-system)
2026-06-17T01:44:50.569+05:30 DEBUG 18132 --- [food-delivery-system] [restartedMain] c.b.f.FoodDeliverySystemApplication      : Running with Spring Boot v3.5.14, Spring v6.2.18
2026-06-17T01:44:50.569+05:30  INFO 18132 --- [food-delivery-system] [restartedMain] c.b.f.FoodDeliverySystemApplication      : No active profile set, falling back to 1 default profile: "default"
2026-06-17T01:44:50.625+05:30  INFO 18132 --- [food-delivery-system] [restartedMain] .e.DevToolsPropertyDefaultsPostProcessor : Devtools property defaults active! Set 'spring.devtools.add-properties' to 'false' to disable
2026-06-17T01:44:50.626+05:30  INFO 18132 --- [food-delivery-system] [restartedMain] .e.DevToolsPropertyDefaultsPostProcessor : For additional web related logging consider setting the 'logging.level.web' property to 'DEBUG'
2026-06-17T01:44:52.492+05:30  INFO 18132 --- [food-delivery-system] [restartedMain] .s.d.r.c.RepositoryConfigurationDelegate : Multiple Spring Data modules found, entering strict repository configuration mode
2026-06-17T01:44:52.494+05:30  INFO 18132 --- [food-delivery-system] [restartedMain] .s.d.r.c.RepositoryConfigurationDelegate : Bootstrapping Spring Data JPA repositories in DEFAULT mode.
2026-06-17T01:44:52.691+05:30  INFO 18132 --- [food-delivery-system] [restartedMain] .s.d.r.c.RepositoryConfigurationDelegate : Finished Spring Data repository scanning in 186 ms. Found 9 JPA repository interfaces.
2026-06-17T01:44:52.718+05:30  INFO 18132 --- [food-delivery-system] [restartedMain] .s.d.r.c.RepositoryConfigurationDelegate : Multiple Spring Data modules found, entering strict repository configuration mode
2026-06-17T01:44:52.721+05:30  INFO 18132 --- [food-delivery-system] [restartedMain] .s.d.r.c.RepositoryConfigurationDelegate : Bootstrapping Spring Data Redis repositories in DEFAULT mode.
2026-06-17T01:44:52.743+05:30  INFO 18132 --- [food-delivery-system] [restartedMain] .RepositoryConfigurationExtensionSupport : Spring Data Redis - Could not safely identify store assignment for repository candidate interface com.balu.food_delivery_system.repository.CartItemRepository; If you want this repository to be a Redis repository, consider annotating your entities with one of these annotations: org.springframework.data.redis.core.RedisHash (preferred), or consider extending one of the following types with your repository: org.springframework.data.keyvalue.repository.KeyValueRepository
2026-06-17T01:44:52.743+05:30  INFO 18132 --- [food-delivery-system] [restartedMain] .RepositoryConfigurationExtensionSupport : Spring Data Redis - Could not safely identify store assignment for repository candidate interface com.balu.food_delivery_system.repository.CartRepository; If you want this repository to be a Redis repository, consider annotating your entities with one of these annotations: org.springframework.data.redis.core.RedisHash (preferred), or consider extending one of the following types with your repository: org.springframework.data.keyvalue.repository.KeyValueRepository
2026-06-17T01:44:52.744+05:30  INFO 18132 --- [food-delivery-system] [restartedMain] .RepositoryConfigurationExtensionSupport : Spring Data Redis - Could not safely identify store assignment for repository candidate interface com.balu.food_delivery_system.repository.MenuCategoryRepository; If you want this repository to be a Redis repository, consider annotating your entities with one of these annotations: org.springframework.data.redis.core.RedisHash (preferred), or consider extending one of the following types with your repository: org.springframework.data.keyvalue.repository.KeyValueRepository
2026-06-17T01:44:52.744+05:30  INFO 18132 --- [food-delivery-system] [restartedMain] .RepositoryConfigurationExtensionSupport : Spring Data Redis - Could not safely identify store assignment for repository candidate interface com.balu.food_delivery_system.repository.MenuItemRepository; If you want this repository to be a Redis repository, consider annotating your entities with one of these annotations: org.springframework.data.redis.core.RedisHash (preferred), or consider extending one of the following types with your repository: org.springframework.data.keyvalue.repository.KeyValueRepository
2026-06-17T01:44:52.744+05:30  INFO 18132 --- [food-delivery-system] [restartedMain] .RepositoryConfigurationExtensionSupport : Spring Data Redis - Could not safely identify store assignment for repository candidate interface com.balu.food_delivery_system.repository.OrderItemRepository; If you want this repository to be a Redis repository, consider annotating your entities with one of these annotations: org.springframework.data.redis.core.RedisHash (preferred), or consider extending one of the following types with your repository: org.springframework.data.keyvalue.repository.KeyValueRepository
2026-06-17T01:44:52.744+05:30  INFO 18132 --- [food-delivery-system] [restartedMain] .RepositoryConfigurationExtensionSupport : Spring Data Redis - Could not safely identify store assignment for repository candidate interface com.balu.food_delivery_system.repository.OrderRepository; If you want this repository to be a Redis repository, consider annotating your entities with one of these annotations: org.springframework.data.redis.core.RedisHash (preferred), or consider extending one of the following types with your repository: org.springframework.data.keyvalue.repository.KeyValueRepository
2026-06-17T01:44:52.744+05:30  INFO 18132 --- [food-delivery-system] [restartedMain] .RepositoryConfigurationExtensionSupport : Spring Data Redis - Could not safely identify store assignment for repository candidate interface com.balu.food_delivery_system.repository.RefreshTokenRepository; If you want this repository to be a Redis repository, consider annotating your entities with one of these annotations: org.springframework.data.redis.core.RedisHash (preferred), or consider extending one of the following types with your repository: org.springframework.data.keyvalue.repository.KeyValueRepository
2026-06-17T01:44:52.745+05:30  INFO 18132 --- [food-delivery-system] [restartedMain] .RepositoryConfigurationExtensionSupport : Spring Data Redis - Could not safely identify store assignment for repository candidate interface com.balu.food_delivery_system.repository.RestaurantRepository; If you want this repository to be a Redis repository, consider annotating your entities with one of these annotations: org.springframework.data.redis.core.RedisHash (preferred), or consider extending one of the following types with your repository: org.springframework.data.keyvalue.repository.KeyValueRepository
2026-06-17T01:44:52.746+05:30  INFO 18132 --- [food-delivery-system] [restartedMain] .RepositoryConfigurationExtensionSupport : Spring Data Redis - Could not safely identify store assignment for repository candidate interface com.balu.food_delivery_system.repository.UserRepository; If you want this repository to be a Redis repository, consider annotating your entities with one of these annotations: org.springframework.data.redis.core.RedisHash (preferred), or consider extending one of the following types with your repository: org.springframework.data.keyvalue.repository.KeyValueRepository
2026-06-17T01:44:52.746+05:30  INFO 18132 --- [food-delivery-system] [restartedMain] .s.d.r.c.RepositoryConfigurationDelegate : Finished Spring Data repository scanning in 11 ms. Found 0 Redis repository interfaces.
2026-06-17T01:44:53.646+05:30  INFO 18132 --- [food-delivery-system] [restartedMain] o.s.b.w.embedded.tomcat.TomcatWebServer  : Tomcat initialized with port 8080 (http)
2026-06-17T01:44:53.663+05:30  INFO 18132 --- [food-delivery-system] [restartedMain] o.apache.catalina.core.StandardService   : Starting service [Tomcat]
2026-06-17T01:44:53.664+05:30  INFO 18132 --- [food-delivery-system] [restartedMain] o.apache.catalina.core.StandardEngine    : Starting Servlet engine: [Apache Tomcat/10.1.54]
2026-06-17T01:44:53.734+05:30  INFO 18132 --- [food-delivery-system] [restartedMain] o.a.c.c.C.[Tomcat].[localhost].[/]       : Initializing Spring embedded WebApplicationContext
2026-06-17T01:44:53.735+05:30  INFO 18132 --- [food-delivery-system] [restartedMain] w.s.c.ServletWebServerApplicationContext : Root WebApplicationContext: initialization completed in 3108 ms
2026-06-17T01:44:54.174+05:30  INFO 18132 --- [food-delivery-system] [restartedMain] o.hibernate.jpa.internal.util.LogHelper  : HHH000204: Processing PersistenceUnitInfo [name: default]
2026-06-17T01:44:54.254+05:30  INFO 18132 --- [food-delivery-system] [restartedMain] org.hibernate.Version                    : HHH000412: Hibernate ORM core version 6.6.49.Final
2026-06-17T01:44:54.310+05:30  INFO 18132 --- [food-delivery-system] [restartedMain] o.h.c.internal.RegionFactoryInitiator    : HHH000026: Second-level cache disabled
2026-06-17T01:44:54.622+05:30  INFO 18132 --- [food-delivery-system] [restartedMain] o.s.o.j.p.SpringPersistenceUnitInfo      : No LoadTimeWeaver setup: ignoring JPA class transformer
2026-06-17T01:44:54.663+05:30  INFO 18132 --- [food-delivery-system] [restartedMain] com.zaxxer.hikari.HikariDataSource       : HikariPool-1 - Starting...
2026-06-17T01:44:55.306+05:30  INFO 18132 --- [food-delivery-system] [restartedMain] com.zaxxer.hikari.pool.HikariPool        : HikariPool-1 - Added connection com.mysql.cj.jdbc.ConnectionImpl@4f65ee0a
2026-06-17T01:44:55.307+05:30  INFO 18132 --- [food-delivery-system] [restartedMain] com.zaxxer.hikari.HikariDataSource       : HikariPool-1 - Start completed.
2026-06-17T01:44:55.948+05:30  WARN 18132 --- [food-delivery-system] [restartedMain] org.hibernate.orm.deprecation            : HHH90000025: MySQLDialect does not need to be specified explicitly using 'hibernate.dialect' (remove the property setting and it will be selected by default)
2026-06-17T01:44:55.971+05:30  INFO 18132 --- [food-delivery-system] [restartedMain] org.hibernate.orm.connections.pooling    : HHH10001005: Database info:
	Database JDBC URL [Connecting through datasource 'HikariDataSource (HikariPool-1)']
	Database driver: undefined/unknown
	Database version: 9.6
	Autocommit mode: undefined/unknown
	Isolation level: undefined/unknown
	Minimum pool size: undefined/unknown
	Maximum pool size: undefined/unknown
2026-06-17T01:44:57.305+05:30  INFO 18132 --- [food-delivery-system] [restartedMain] o.h.e.t.j.p.i.JtaPlatformInitiator       : HHH000489: No JTA platform available (set 'hibernate.transaction.jta.platform' to enable JTA platform integration)
2026-06-17T01:44:58.025+05:30  INFO 18132 --- [food-delivery-system] [restartedMain] j.LocalContainerEntityManagerFactoryBean : Initialized JPA EntityManagerFactory for persistence unit 'default'
2026-06-17T01:44:58.384+05:30 DEBUG 18132 --- [food-delivery-system] [restartedMain] c.b.f.security.JwtFilter                 : Filter 'jwtFilter' configured for use
2026-06-17T01:44:59.412+05:30  INFO 18132 --- [food-delivery-system] [restartedMain] o.s.d.j.r.query.QueryEnhancerFactory     : Hibernate is in classpath; If applicable, HQL parser will be used.
2026-06-17T01:45:00.367+05:30  WARN 18132 --- [food-delivery-system] [restartedMain] JpaBaseConfiguration$JpaWebConfiguration : spring.jpa.open-in-view is enabled by default. Therefore, database queries may be performed during view rendering. Explicitly configure spring.jpa.open-in-view to disable this warning
2026-06-17T01:45:00.431+05:30  INFO 18132 --- [food-delivery-system] [restartedMain] eAuthenticationProviderManagerConfigurer : Global AuthenticationManager configured with AuthenticationProvider bean with name authenticationProvider
2026-06-17T01:45:00.431+05:30  WARN 18132 --- [food-delivery-system] [restartedMain] r$InitializeUserDetailsManagerConfigurer : Global AuthenticationManager configured with an AuthenticationProvider bean. UserDetailsService beans will not be used by Spring Security for automatically configuring username/password login. Consider removing the AuthenticationProvider bean. Alternatively, consider using the UserDetailsService in a manually instantiated DaoAuthenticationProvider. If the current configuration is intentional, to turn off this warning, increase the logging level of 'org.springframework.security.config.annotation.authentication.configuration.InitializeUserDetailsBeanManagerConfigurer' to ERROR
2026-06-17T01:45:01.561+05:30  INFO 18132 --- [food-delivery-system] [restartedMain] o.s.b.d.a.OptionalLiveReloadServer       : LiveReload server is running on port 35729
2026-06-17T01:45:01.648+05:30  INFO 18132 --- [food-delivery-system] [restartedMain] o.a.k.clients.admin.AdminClientConfig    : AdminClientConfig values: 
	auto.include.jmx.reporter = true
	bootstrap.controllers = []
	bootstrap.servers = [localhost:9092]
	client.dns.lookup = use_all_dns_ips
	client.id = food-delivery-system-admin-0
	connections.max.idle.ms = 300000
	default.api.timeout.ms = 60000
	enable.metrics.push = true
	metadata.max.age.ms = 300000
	metadata.recovery.strategy = none
	metric.reporters = []
	metrics.num.samples = 2
	metrics.recording.level = INFO
	metrics.sample.window.ms = 30000
	receive.buffer.bytes = 65536
	reconnect.backoff.max.ms = 1000
	reconnect.backoff.ms = 50
	request.timeout.ms = 30000
	retries = 2147483647
	retry.backoff.max.ms = 1000
	retry.backoff.ms = 100
	sasl.client.callback.handler.class = null
	sasl.jaas.config = null
	sasl.kerberos.kinit.cmd = /usr/bin/kinit
	sasl.kerberos.min.time.before.relogin = 60000
	sasl.kerberos.service.name = null
	sasl.kerberos.ticket.renew.jitter = 0.05
	sasl.kerberos.ticket.renew.window.factor = 0.8
	sasl.login.callback.handler.class = null
	sasl.login.class = null
	sasl.login.connect.timeout.ms = null
	sasl.login.read.timeout.ms = null
	sasl.login.refresh.buffer.seconds = 300
	sasl.login.refresh.min.period.seconds = 60
	sasl.login.refresh.window.factor = 0.8
	sasl.login.refresh.window.jitter = 0.05
	sasl.login.retry.backoff.max.ms = 10000
	sasl.login.retry.backoff.ms = 100
	sasl.mechanism = GSSAPI
	sasl.oauthbearer.clock.skew.seconds = 30
	sasl.oauthbearer.expected.audience = null
	sasl.oauthbearer.expected.issuer = null
	sasl.oauthbearer.header.urlencode = false
	sasl.oauthbearer.jwks.endpoint.refresh.ms = 3600000
	sasl.oauthbearer.jwks.endpoint.retry.backoff.max.ms = 10000
	sasl.oauthbearer.jwks.endpoint.retry.backoff.ms = 100
	sasl.oauthbearer.jwks.endpoint.url = null
	sasl.oauthbearer.scope.claim.name = scope
	sasl.oauthbearer.sub.claim.name = sub
	sasl.oauthbearer.token.endpoint.url = null
	security.protocol = PLAINTEXT
	security.providers = null
	send.buffer.bytes = 131072
	socket.connection.setup.timeout.max.ms = 30000
	socket.connection.setup.timeout.ms = 10000
	ssl.cipher.suites = null
	ssl.enabled.protocols = [TLSv1.2, TLSv1.3]
	ssl.endpoint.identification.algorithm = https
	ssl.engine.factory.class = null
	ssl.key.password = null
	ssl.keymanager.algorithm = SunX509
	ssl.keystore.certificate.chain = null
	ssl.keystore.key = null
	ssl.keystore.location = null
	ssl.keystore.password = null
	ssl.keystore.type = JKS
	ssl.protocol = TLSv1.3
	ssl.provider = null
	ssl.secure.random.implementation = null
	ssl.trustmanager.algorithm = PKIX
	ssl.truststore.certificates = null
	ssl.truststore.location = null
	ssl.truststore.password = null
	ssl.truststore.type = JKS

2026-06-17T01:45:01.878+05:30  INFO 18132 --- [food-delivery-system] [restartedMain] o.a.kafka.common.utils.AppInfoParser     : Kafka version: 3.9.2
2026-06-17T01:45:01.878+05:30  INFO 18132 --- [food-delivery-system] [restartedMain] o.a.kafka.common.utils.AppInfoParser     : Kafka commitId: 5e9866f43ab8e7e4
2026-06-17T01:45:01.878+05:30  INFO 18132 --- [food-delivery-system] [restartedMain] o.a.kafka.common.utils.AppInfoParser     : Kafka startTimeMs: 1781640901876
2026-06-17T01:45:02.584+05:30  INFO 18132 --- [food-delivery-system] [kafka-admin-client-thread | food-delivery-system-admin-0] o.a.kafka.common.utils.AppInfoParser     : App info kafka.admin.client for food-delivery-system-admin-0 unregistered
2026-06-17T01:45:02.590+05:30  INFO 18132 --- [food-delivery-system] [kafka-admin-client-thread | food-delivery-system-admin-0] o.apache.kafka.common.metrics.Metrics    : Metrics scheduler closed
2026-06-17T01:45:02.591+05:30  INFO 18132 --- [food-delivery-system] [kafka-admin-client-thread | food-delivery-system-admin-0] o.apache.kafka.common.metrics.Metrics    : Closing reporter org.apache.kafka.common.metrics.JmxReporter
2026-06-17T01:45:02.591+05:30  INFO 18132 --- [food-delivery-system] [kafka-admin-client-thread | food-delivery-system-admin-0] o.apache.kafka.common.metrics.Metrics    : Metrics reporters closed
2026-06-17T01:45:02.613+05:30  INFO 18132 --- [food-delivery-system] [restartedMain] o.s.b.w.embedded.tomcat.TomcatWebServer  : Tomcat started on port 8080 (http) with context path '/'
2026-06-17T01:45:02.617+05:30  INFO 18132 --- [food-delivery-system] [restartedMain] o.s.a.r.c.CachingConnectionFactory       : Attempting to connect to: [localhost:5672]
2026-06-17T01:45:02.807+05:30  INFO 18132 --- [food-delivery-system] [restartedMain] o.s.a.r.c.CachingConnectionFactory       : Created new connection: rabbitConnectionFactory#40d4c5c6:0/SimpleConnection@1f8132eb [delegate=amqp://guest@127.0.0.1:5672/, localPort=63447]
2026-06-17T01:45:02.946+05:30  INFO 18132 --- [food-delivery-system] [restartedMain] c.b.f.FoodDeliverySystemApplication      : Started FoodDeliverySystemApplication in 12.946 seconds (process running for 13.642)
2026-06-17T01:45:02.953+05:30  INFO 18132 --- [food-delivery-system] [scheduling-1] c.b.f.service.OrderSchedulerService      : [SCHEDULER] Checking for unpaid orders...
2026-06-17T01:45:03.102+05:30  INFO 18132 --- [food-delivery-system] [scheduling-1] c.b.f.service.OrderSchedulerService      : [SCHEDULER] No unpaid orders found.
2026-06-17T01:45:59.721+05:30  INFO 18132 --- [food-delivery-system] [http-nio-8080-exec-1] o.a.c.c.C.[Tomcat].[localhost].[/]       : Initializing Spring DispatcherServlet 'dispatcherServlet'
2026-06-17T01:45:59.721+05:30  INFO 18132 --- [food-delivery-system] [http-nio-8080-exec-1] o.s.web.servlet.DispatcherServlet        : Initializing Servlet 'dispatcherServlet'
2026-06-17T01:45:59.721+05:30  INFO 18132 --- [food-delivery-system] [http-nio-8080-exec-1] o.s.web.servlet.DispatcherServlet        : Completed initialization in 0 ms
2026-06-17T01:45:59.956+05:30  INFO 18132 --- [food-delivery-system] [http-nio-8080-exec-1] c.b.f.service.UserService                : Login attempt for email: giri@gmail.com
2026-06-17T01:46:00.264+05:30  INFO 18132 --- [food-delivery-system] [http-nio-8080-exec-1] c.b.f.service.UserService                : Login successful for: giri@gmail.com
2026-06-17T01:46:02.944+05:30  INFO 18132 --- [food-delivery-system] [scheduling-1] c.b.f.service.OrderSchedulerService      : [SCHEDULER] Checking for unpaid orders...
2026-06-17T01:46:02.949+05:30  INFO 18132 --- [food-delivery-system] [scheduling-1] c.b.f.service.OrderSchedulerService      : [SCHEDULER] No unpaid orders found.
2026-06-17T01:46:03.027+05:30  INFO 18132 --- [food-delivery-system] [http-nio-8080-exec-3] c.b.f.service.UserService                : Login attempt for email: giri@gmail.com
2026-06-17T01:46:03.150+05:30  INFO 18132 --- [food-delivery-system] [http-nio-8080-exec-3] c.b.f.service.UserService                : Login successful for: giri@gmail.com
2026-06-17T01:46:19.877+05:30  INFO 18132 --- [food-delivery-system] [http-nio-8080-exec-6] c.b.f.service.RestaurantService          : Fetching approved restaurants
2026-06-17T01:46:19.915+05:30 ERROR 18132 --- [food-delivery-system] [http-nio-8080-exec-6] o.a.c.c.C.[.[.[/].[dispatcherServlet]    : Servlet.service() for servlet [dispatcherServlet] in context with path [] threw exception [Request processing failed: org.springframework.data.redis.serializer.SerializationException: Cannot serialize] with root cause

java.io.NotSerializableException: com.balu.food_delivery_system.dto.RestaurantResponseDTO
	at java.base/java.io.ObjectOutputStream.writeObject0(ObjectOutputStream.java:1085) ~[na:na]
	at java.base/java.io.ObjectOutputStream.writeObject(ObjectOutputStream.java:325) ~[na:na]
	at java.base/java.util.ArrayList.writeObject(ArrayList.java:949) ~[na:na]
	at java.base/jdk.internal.reflect.DirectMethodHandleAccessor.invoke(DirectMethodHandleAccessor.java:104) ~[na:na]
	at java.base/java.lang.reflect.Method.invoke(Method.java:565) ~[na:na]
	at java.base/java.io.ObjectStreamClass.invokeWriteObject(ObjectStreamClass.java:946) ~[na:na]
	at java.base/java.io.ObjectOutputStream.writeSerialData(ObjectOutputStream.java:1395) ~[na:na]
	at java.base/java.io.ObjectOutputStream.writeOrdinaryObject(ObjectOutputStream.java:1317) ~[na:na]
	at java.base/java.io.ObjectOutputStream.writeObject0(ObjectOutputStream.java:1079) ~[na:na]
	at java.base/java.io.ObjectOutputStream.writeObject(ObjectOutputStream.java:325) ~[na:na]
	at org.springframework.core.serializer.DefaultSerializer.serialize(DefaultSerializer.java:46) ~[spring-core-6.2.18.jar:6.2.18]
	at org.springframework.core.serializer.Serializer.serializeToByteArray(Serializer.java:56) ~[spring-core-6.2.18.jar:6.2.18]
	at org.springframework.core.serializer.support.SerializingConverter.convert(SerializingConverter.java:60) ~[spring-core-6.2.18.jar:6.2.18]
	at org.springframework.core.serializer.support.SerializingConverter.convert(SerializingConverter.java:33) ~[spring-core-6.2.18.jar:6.2.18]
	at org.springframework.data.redis.serializer.JdkSerializationRedisSerializer.serialize(JdkSerializationRedisSerializer.java:95) ~[spring-data-redis-3.5.11.jar:3.5.11]
	at org.springframework.data.redis.serializer.DefaultRedisElementWriter.write(DefaultRedisElementWriter.java:42) ~[spring-data-redis-3.5.11.jar:3.5.11]
	at org.springframework.data.redis.serializer.RedisSerializationContext$SerializationPair.write(RedisSerializationContext.java:292) ~[spring-data-redis-3.5.11.jar:3.5.11]
	at org.springframework.data.redis.cache.RedisCache.serializeCacheValue(RedisCache.java:343) ~[spring-data-redis-3.5.11.jar:3.5.11]
	at org.springframework.data.redis.cache.RedisCache.put(RedisCache.java:204) ~[spring-data-redis-3.5.11.jar:3.5.11]
	at org.springframework.cache.interceptor.AbstractCacheInvoker.doPut(AbstractCacheInvoker.java:157) ~[spring-context-6.2.18.jar:6.2.18]
	at org.springframework.cache.interceptor.CacheAspectSupport$CachePutRequest.performCachePut(CacheAspectSupport.java:1089) ~[spring-context-6.2.18.jar:6.2.18]
	at org.springframework.cache.interceptor.CacheAspectSupport$CachePutRequest.apply(CacheAspectSupport.java:1074) ~[spring-context-6.2.18.jar:6.2.18]
	at org.springframework.cache.interceptor.CacheAspectSupport.evaluate(CacheAspectSupport.java:618) ~[spring-context-6.2.18.jar:6.2.18]
	at org.springframework.cache.interceptor.CacheAspectSupport.execute(CacheAspectSupport.java:450) ~[spring-context-6.2.18.jar:6.2.18]
	at org.springframework.cache.interceptor.CacheAspectSupport.execute(CacheAspectSupport.java:412) ~[spring-context-6.2.18.jar:6.2.18]
	at org.springframework.cache.interceptor.CacheInterceptor.invoke(CacheInterceptor.java:65) ~[spring-context-6.2.18.jar:6.2.18]
	at org.springframework.aop.framework.ReflectiveMethodInvocation.proceed(ReflectiveMethodInvocation.java:184) ~[spring-aop-6.2.18.jar:6.2.18]
	at org.springframework.aop.framework.CglibAopProxy$DynamicAdvisedInterceptor.intercept(CglibAopProxy.java:728) ~[spring-aop-6.2.18.jar:6.2.18]
	at com.balu.food_delivery_system.service.RestaurantService$$SpringCGLIB$$0.getApprovedRestaurants(<generated>) ~[classes/:na]
	at com.balu.food_delivery_system.controller.RestaurantController.getApprovedRestaurants(RestaurantController.java:57) ~[classes/:na]
	at java.base/jdk.internal.reflect.DirectMethodHandleAccessor.invoke(DirectMethodHandleAccessor.java:104) ~[na:na]
	at java.base/java.lang.reflect.Method.invoke(Method.java:565) ~[na:na]
	at org.springframework.aop.support.AopUtils.invokeJoinpointUsingReflection(AopUtils.java:360) ~[spring-aop-6.2.18.jar:6.2.18]
	at org.springframework.aop.framework.CglibAopProxy$DynamicAdvisedInterceptor.intercept(CglibAopProxy.java:724) ~[spring-aop-6.2.18.jar:6.2.18]
	at com.balu.food_delivery_system.controller.RestaurantController$$SpringCGLIB$$0.getApprovedRestaurants(<generated>) ~[classes/:na]
	at java.base/jdk.internal.reflect.DirectMethodHandleAccessor.invoke(DirectMethodHandleAccessor.java:104) ~[na:na]
	at java.base/java.lang.reflect.Method.invoke(Method.java:565) ~[na:na]
	at org.springframework.web.method.support.InvocableHandlerMethod.doInvoke(InvocableHandlerMethod.java:258) ~[spring-web-6.2.18.jar:6.2.18]
	at org.springframework.web.method.support.InvocableHandlerMethod.invokeForRequest(InvocableHandlerMethod.java:191) ~[spring-web-6.2.18.jar:6.2.18]
	at org.springframework.web.servlet.mvc.method.annotation.ServletInvocableHandlerMethod.invokeAndHandle(ServletInvocableHandlerMethod.java:118) ~[spring-webmvc-6.2.18.jar:6.2.18]
	at org.springframework.web.servlet.mvc.method.annotation.RequestMappingHandlerAdapter.invokeHandlerMethod(RequestMappingHandlerAdapter.java:991) ~[spring-webmvc-6.2.18.jar:6.2.18]
	at org.springframework.web.servlet.mvc.method.annotation.RequestMappingHandlerAdapter.handleInternal(RequestMappingHandlerAdapter.java:896) ~[spring-webmvc-6.2.18.jar:6.2.18]
	at org.springframework.web.servlet.mvc.method.AbstractHandlerMethodAdapter.handle(AbstractHandlerMethodAdapter.java:87) ~[spring-webmvc-6.2.18.jar:6.2.18]
	at org.springframework.web.servlet.DispatcherServlet.doDispatch(DispatcherServlet.java:1089) ~[spring-webmvc-6.2.18.jar:6.2.18]
	at org.springframework.web.servlet.DispatcherServlet.doService(DispatcherServlet.java:979) ~[spring-webmvc-6.2.18.jar:6.2.18]
	at org.springframework.web.servlet.FrameworkServlet.processRequest(FrameworkServlet.java:1014) ~[spring-webmvc-6.2.18.jar:6.2.18]
	at org.springframework.web.servlet.FrameworkServlet.doGet(FrameworkServlet.java:903) ~[spring-webmvc-6.2.18.jar:6.2.18]
	at jakarta.servlet.http.HttpServlet.service(HttpServlet.java:564) ~[tomcat-embed-core-10.1.54.jar:6.0]
	at org.springframework.web.servlet.FrameworkServlet.service(FrameworkServlet.java:885) ~[spring-webmvc-6.2.18.jar:6.2.18]
	at jakarta.servlet.http.HttpServlet.service(HttpServlet.java:658) ~[tomcat-embed-core-10.1.54.jar:6.0]
	at org.apache.catalina.core.ApplicationFilterChain.internalDoFilter(ApplicationFilterChain.java:193) ~[tomcat-embed-core-10.1.54.jar:10.1.54]
	at org.apache.catalina.core.ApplicationFilterChain.doFilter(ApplicationFilterChain.java:138) ~[tomcat-embed-core-10.1.54.jar:10.1.54]
	at org.apache.tomcat.websocket.server.WsFilter.doFilter(WsFilter.java:51) ~[tomcat-embed-websocket-10.1.54.jar:10.1.54]
	at org.apache.catalina.core.ApplicationFilterChain.internalDoFilter(ApplicationFilterChain.java:162) ~[tomcat-embed-core-10.1.54.jar:10.1.54]
	at org.apache.catalina.core.ApplicationFilterChain.doFilter(ApplicationFilterChain.java:138) ~[tomcat-embed-core-10.1.54.jar:10.1.54]
	at org.springframework.web.filter.OncePerRequestFilter.doFilter(OncePerRequestFilter.java:110) ~[spring-web-6.2.18.jar:6.2.18]
	at org.apache.catalina.core.ApplicationFilterChain.internalDoFilter(ApplicationFilterChain.java:162) ~[tomcat-embed-core-10.1.54.jar:10.1.54]
	at org.apache.catalina.core.ApplicationFilterChain.doFilter(ApplicationFilterChain.java:138) ~[tomcat-embed-core-10.1.54.jar:10.1.54]
	at org.springframework.web.filter.CompositeFilter$VirtualFilterChain.doFilter(CompositeFilter.java:108) ~[spring-web-6.2.18.jar:6.2.18]
	at org.springframework.web.filter.CompositeFilter$VirtualFilterChain.doFilter(CompositeFilter.java:108) ~[spring-web-6.2.18.jar:6.2.18]
	at org.springframework.security.web.FilterChainProxy.lambda$doFilterInternal$3(FilterChainProxy.java:231) ~[spring-security-web-6.5.10.jar:6.5.10]
	at org.springframework.security.web.FilterChainProxy$VirtualFilterChain.doFilter(FilterChainProxy.java:370) ~[spring-security-web-6.5.10.jar:6.5.10]
	at org.springframework.security.web.access.intercept.AuthorizationFilter.doFilter(AuthorizationFilter.java:101) ~[spring-security-web-6.5.10.jar:6.5.10]
	at org.springframework.security.web.FilterChainProxy$VirtualFilterChain.doFilter(FilterChainProxy.java:379) ~[spring-security-web-6.5.10.jar:6.5.10]
	at org.springframework.security.web.access.ExceptionTranslationFilter.doFilter(ExceptionTranslationFilter.java:125) ~[spring-security-web-6.5.10.jar:6.5.10]
	at org.springframework.security.web.access.ExceptionTranslationFilter.doFilter(ExceptionTranslationFilter.java:119) ~[spring-security-web-6.5.10.jar:6.5.10]
	at org.springframework.security.web.FilterChainProxy$VirtualFilterChain.doFilter(FilterChainProxy.java:379) ~[spring-security-web-6.5.10.jar:6.5.10]
	at org.springframework.security.web.session.SessionManagementFilter.doFilter(SessionManagementFilter.java:131) ~[spring-security-web-6.5.10.jar:6.5.10]
	at org.springframework.security.web.session.SessionManagementFilter.doFilter(SessionManagementFilter.java:85) ~[spring-security-web-6.5.10.jar:6.5.10]
	at org.springframework.security.web.FilterChainProxy$VirtualFilterChain.doFilter(FilterChainProxy.java:379) ~[spring-security-web-6.5.10.jar:6.5.10]
	at org.springframework.security.web.authentication.AnonymousAuthenticationFilter.doFilter(AnonymousAuthenticationFilter.java:100) ~[spring-security-web-6.5.10.jar:6.5.10]
	at org.springframework.security.web.FilterChainProxy$VirtualFilterChain.doFilter(FilterChainProxy.java:379) ~[spring-security-web-6.5.10.jar:6.5.10]
	at org.springframework.security.web.servletapi.SecurityContextHolderAwareRequestFilter.doFilter(SecurityContextHolderAwareRequestFilter.java:179) ~[spring-security-web-6.5.10.jar:6.5.10]
	at org.springframework.security.web.FilterChainProxy$VirtualFilterChain.doFilter(FilterChainProxy.java:379) ~[spring-security-web-6.5.10.jar:6.5.10]
	at org.springframework.security.web.savedrequest.RequestCacheAwareFilter.doFilter(RequestCacheAwareFilter.java:63) ~[spring-security-web-6.5.10.jar:6.5.10]
	at org.springframework.security.web.FilterChainProxy$VirtualFilterChain.doFilter(FilterChainProxy.java:379) ~[spring-security-web-6.5.10.jar:6.5.10]
	at com.balu.food_delivery_system.security.JwtFilter.doFilterInternal(JwtFilter.java:69) ~[classes/:na]
	at org.springframework.web.filter.OncePerRequestFilter.doFilter(OncePerRequestFilter.java:116) ~[spring-web-6.2.18.jar:6.2.18]
	at org.springframework.security.web.FilterChainProxy$VirtualFilterChain.doFilter(FilterChainProxy.java:379) ~[spring-security-web-6.5.10.jar:6.5.10]
	at org.springframework.security.web.authentication.logout.LogoutFilter.doFilter(LogoutFilter.java:107) ~[spring-security-web-6.5.10.jar:6.5.10]
	at org.springframework.security.web.authentication.logout.LogoutFilter.doFilter(LogoutFilter.java:93) ~[spring-security-web-6.5.10.jar:6.5.10]
	at org.springframework.security.web.FilterChainProxy$VirtualFilterChain.doFilter(FilterChainProxy.java:379) ~[spring-security-web-6.5.10.jar:6.5.10]
	at org.springframework.security.web.header.HeaderWriterFilter.doHeadersAfter(HeaderWriterFilter.java:90) ~[spring-security-web-6.5.10.jar:6.5.10]
	at org.springframework.security.web.header.HeaderWriterFilter.doFilterInternal(HeaderWriterFilter.java:75) ~[spring-security-web-6.5.10.jar:6.5.10]
	at org.springframework.web.filter.OncePerRequestFilter.doFilter(OncePerRequestFilter.java:116) ~[spring-web-6.2.18.jar:6.2.18]
	at org.springframework.security.web.FilterChainProxy$VirtualFilterChain.doFilter(FilterChainProxy.java:379) ~[spring-security-web-6.5.10.jar:6.5.10]
	at org.springframework.security.web.context.SecurityContextHolderFilter.doFilter(SecurityContextHolderFilter.java:82) ~[spring-security-web-6.5.10.jar:6.5.10]
	at org.springframework.security.web.context.SecurityContextHolderFilter.doFilter(SecurityContextHolderFilter.java:69) ~[spring-security-web-6.5.10.jar:6.5.10]
	at org.springframework.security.web.FilterChainProxy$VirtualFilterChain.doFilter(FilterChainProxy.java:379) ~[spring-security-web-6.5.10.jar:6.5.10]
	at org.springframework.security.web.context.request.async.WebAsyncManagerIntegrationFilter.doFilterInternal(WebAsyncManagerIntegrationFilter.java:62) ~[spring-security-web-6.5.10.jar:6.5.10]
	at org.springframework.web.filter.OncePerRequestFilter.doFilter(OncePerRequestFilter.java:116) ~[spring-web-6.2.18.jar:6.2.18]
	at org.springframework.security.web.FilterChainProxy$VirtualFilterChain.doFilter(FilterChainProxy.java:379) ~[spring-security-web-6.5.10.jar:6.5.10]
	at org.springframework.security.web.session.DisableEncodeUrlFilter.doFilterInternal(DisableEncodeUrlFilter.java:42) ~[spring-security-web-6.5.10.jar:6.5.10]
	at org.springframework.web.filter.OncePerRequestFilter.doFilter(OncePerRequestFilter.java:116) ~[spring-web-6.2.18.jar:6.2.18]
	at org.springframework.security.web.FilterChainProxy$VirtualFilterChain.doFilter(FilterChainProxy.java:379) ~[spring-security-web-6.5.10.jar:6.5.10]
	at org.springframework.security.web.FilterChainProxy.doFilterInternal(FilterChainProxy.java:233) ~[spring-security-web-6.5.10.jar:6.5.10]
	at org.springframework.security.web.FilterChainProxy.doFilter(FilterChainProxy.java:191) ~[spring-security-web-6.5.10.jar:6.5.10]
	at org.springframework.web.filter.CompositeFilter$VirtualFilterChain.doFilter(CompositeFilter.java:113) ~[spring-web-6.2.18.jar:6.2.18]
	at org.springframework.web.filter.ServletRequestPathFilter.doFilter(ServletRequestPathFilter.java:52) ~[spring-web-6.2.18.jar:6.2.18]
	at org.springframework.web.filter.CompositeFilter$VirtualFilterChain.doFilter(CompositeFilter.java:113) ~[spring-web-6.2.18.jar:6.2.18]
	at org.springframework.web.filter.CompositeFilter.doFilter(CompositeFilter.java:74) ~[spring-web-6.2.18.jar:6.2.18]
	at org.springframework.security.config.annotation.web.configuration.WebSecurityConfiguration$CompositeFilterChainProxy.doFilter(WebSecurityConfiguration.java:319) ~[spring-security-config-6.5.10.jar:6.5.10]
	at org.springframework.web.filter.CompositeFilter$VirtualFilterChain.doFilter(CompositeFilter.java:113) ~[spring-web-6.2.18.jar:6.2.18]
	at org.springframework.web.servlet.handler.HandlerMappingIntrospector.lambda$createCacheFilter$4(HandlerMappingIntrospector.java:267) ~[spring-webmvc-6.2.18.jar:6.2.18]
	at org.springframework.web.filter.CompositeFilter$VirtualFilterChain.doFilter(CompositeFilter.java:113) ~[spring-web-6.2.18.jar:6.2.18]
	at org.springframework.web.filter.CompositeFilter.doFilter(CompositeFilter.java:74) ~[spring-web-6.2.18.jar:6.2.18]
	at org.springframework.security.config.annotation.web.configuration.WebMvcSecurityConfiguration$CompositeFilterChainProxy.doFilter(WebMvcSecurityConfiguration.java:240) ~[spring-security-config-6.5.10.jar:6.5.10]
	at org.springframework.web.filter.DelegatingFilterProxy.invokeDelegate(DelegatingFilterProxy.java:362) ~[spring-web-6.2.18.jar:6.2.18]
	at org.springframework.web.filter.DelegatingFilterProxy.doFilter(DelegatingFilterProxy.java:278) ~[spring-web-6.2.18.jar:6.2.18]
	at org.apache.catalina.core.ApplicationFilterChain.internalDoFilter(ApplicationFilterChain.java:162) ~[tomcat-embed-core-10.1.54.jar:10.1.54]
	at org.apache.catalina.core.ApplicationFilterChain.doFilter(ApplicationFilterChain.java:138) ~[tomcat-embed-core-10.1.54.jar:10.1.54]
	at org.springframework.web.filter.RequestContextFilter.doFilterInternal(RequestContextFilter.java:100) ~[spring-web-6.2.18.jar:6.2.18]
	at org.springframework.web.filter.OncePerRequestFilter.doFilter(OncePerRequestFilter.java:116) ~[spring-web-6.2.18.jar:6.2.18]
	at org.apache.catalina.core.ApplicationFilterChain.internalDoFilter(ApplicationFilterChain.java:162) ~[tomcat-embed-core-10.1.54.jar:10.1.54]
	at org.apache.catalina.core.ApplicationFilterChain.doFilter(ApplicationFilterChain.java:138) ~[tomcat-embed-core-10.1.54.jar:10.1.54]
	at org.springframework.web.filter.FormContentFilter.doFilterInternal(FormContentFilter.java:93) ~[spring-web-6.2.18.jar:6.2.18]
	at org.springframework.web.filter.OncePerRequestFilter.doFilter(OncePerRequestFilter.java:116) ~[spring-web-6.2.18.jar:6.2.18]
	at org.apache.catalina.core.ApplicationFilterChain.internalDoFilter(ApplicationFilterChain.java:162) ~[tomcat-embed-core-10.1.54.jar:10.1.54]
	at org.apache.catalina.core.ApplicationFilterChain.doFilter(ApplicationFilterChain.java:138) ~[tomcat-embed-core-10.1.54.jar:10.1.54]
	at org.springframework.web.filter.CharacterEncodingFilter.doFilterInternal(CharacterEncodingFilter.java:201) ~[spring-web-6.2.18.jar:6.2.18]
	at org.springframework.web.filter.OncePerRequestFilter.doFilter(OncePerRequestFilter.java:116) ~[spring-web-6.2.18.jar:6.2.18]
	at org.apache.catalina.core.ApplicationFilterChain.internalDoFilter(ApplicationFilterChain.java:162) ~[tomcat-embed-core-10.1.54.jar:10.1.54]
	at org.apache.catalina.core.ApplicationFilterChain.doFilter(ApplicationFilterChain.java:138) ~[tomcat-embed-core-10.1.54.jar:10.1.54]
	at org.apache.catalina.core.StandardWrapperValve.invoke(StandardWrapperValve.java:165) ~[tomcat-embed-core-10.1.54.jar:10.1.54]
	at org.apache.catalina.core.StandardContextValve.invoke(StandardContextValve.java:88) ~[tomcat-embed-core-10.1.54.jar:10.1.54]
	at org.apache.catalina.authenticator.AuthenticatorBase.invoke(AuthenticatorBase.java:492) ~[tomcat-embed-core-10.1.54.jar:10.1.54]
	at org.apache.catalina.core.StandardHostValve.invoke(StandardHostValve.java:113) ~[tomcat-embed-core-10.1.54.jar:10.1.54]
	at org.apache.catalina.valves.ErrorReportValve.invoke(ErrorReportValve.java:83) ~[tomcat-embed-core-10.1.54.jar:10.1.54]
	at org.apache.catalina.core.StandardEngineValve.invoke(StandardEngineValve.java:72) ~[tomcat-embed-core-10.1.54.jar:10.1.54]
	at org.apache.catalina.connector.CoyoteAdapter.service(CoyoteAdapter.java:342) ~[tomcat-embed-core-10.1.54.jar:10.1.54]
	at org.apache.coyote.http11.Http11Processor.service(Http11Processor.java:399) ~[tomcat-embed-core-10.1.54.jar:10.1.54]
	at org.apache.coyote.AbstractProcessorLight.process(AbstractProcessorLight.java:63) ~[tomcat-embed-core-10.1.54.jar:10.1.54]
	at org.apache.coyote.AbstractProtocol$ConnectionHandler.process(AbstractProtocol.java:903) ~[tomcat-embed-core-10.1.54.jar:10.1.54]
	at org.apache.tomcat.util.net.NioEndpoint$SocketProcessor.doRun(NioEndpoint.java:1797) ~[tomcat-embed-core-10.1.54.jar:10.1.54]
	at org.apache.tomcat.util.net.SocketProcessorBase.run(SocketProcessorBase.java:52) ~[tomcat-embed-core-10.1.54.jar:10.1.54]
	at org.apache.tomcat.util.threads.ThreadPoolExecutor.runWorker(ThreadPoolExecutor.java:973) ~[tomcat-embed-core-10.1.54.jar:10.1.54]
	at org.apache.tomcat.util.threads.ThreadPoolExecutor$Worker.run(ThreadPoolExecutor.java:491) ~[tomcat-embed-core-10.1.54.jar:10.1.54]
	at org.apache.tomcat.util.threads.TaskThread$WrappingRunnable.run(TaskThread.java:63) ~[tomcat-embed-core-10.1.54.jar:10.1.54]
	at java.base/java.lang.Thread.run(Thread.java:1474) ~[na:na]

2026-06-17T01:46:27.884+05:30  INFO 18132 --- [food-delivery-system] [http-nio-8080-exec-1] o.springdoc.api.AbstractOpenApiResource  : Init duration for springdoc-openapi is: 697 ms
2026-06-17T01:46:52.152+05:30  INFO 18132 --- [food-delivery-system] [http-nio-8080-exec-3] c.b.f.service.UserService                : Login attempt for email: giri@gmail.com
2026-06-17T01:46:52.837+05:30  INFO 18132 --- [food-delivery-system] [http-nio-8080-exec-3] c.b.f.service.UserService                : Login successful for: giri@gmail.com
2026-06-17T01:47:02.953+05:30  INFO 18132 --- [food-delivery-system] [scheduling-2] c.b.f.service.OrderSchedulerService      : [SCHEDULER] Checking for unpaid orders...
2026-06-17T01:47:02.958+05:30  INFO 18132 --- [food-delivery-system] [scheduling-2] c.b.f.service.OrderSchedulerService      : [SCHEDULER] No unpaid orders found.
2026-06-17T01:47:15.029+05:30  INFO 18132 --- [food-delivery-system] [http-nio-8080-exec-6] c.b.f.service.RestaurantService          : Fetching approved restaurants
2026-06-17T01:47:15.049+05:30 ERROR 18132 --- [food-delivery-system] [http-nio-8080-exec-6] o.a.c.c.C.[.[.[/].[dispatcherServlet]    : Servlet.service() for servlet [dispatcherServlet] in context with path [] threw exception [Request processing failed: org.springframework.data.redis.serializer.SerializationException: Cannot serialize] with root cause

java.io.NotSerializableException: com.balu.food_delivery_system.dto.RestaurantResponseDTO
	at java.base/java.io.ObjectOutputStream.writeObject0(ObjectOutputStream.java:1085) ~[na:na]
	at java.base/java.io.ObjectOutputStream.writeObject(ObjectOutputStream.java:325) ~[na:na]
	at java.base/java.util.ArrayList.writeObject(ArrayList.java:949) ~[na:na]
	at java.base/jdk.internal.reflect.DirectMethodHandleAccessor.invoke(DirectMethodHandleAccessor.java:104) ~[na:na]
	at java.base/java.lang.reflect.Method.invoke(Method.java:565) ~[na:na]
	at java.base/java.io.ObjectStreamClass.invokeWriteObject(ObjectStreamClass.java:946) ~[na:na]
	at java.base/java.io.ObjectOutputStream.writeSerialData(ObjectOutputStream.java:1395) ~[na:na]
	at java.base/java.io.ObjectOutputStream.writeOrdinaryObject(ObjectOutputStream.java:1317) ~[na:na]
	at java.base/java.io.ObjectOutputStream.writeObject0(ObjectOutputStream.java:1079) ~[na:na]
	at java.base/java.io.ObjectOutputStream.writeObject(ObjectOutputStream.java:325) ~[na:na]
	at org.springframework.core.serializer.DefaultSerializer.serialize(DefaultSerializer.java:46) ~[spring-core-6.2.18.jar:6.2.18]
	at org.springframework.core.serializer.Serializer.serializeToByteArray(Serializer.java:56) ~[spring-core-6.2.18.jar:6.2.18]
	at org.springframework.core.serializer.support.SerializingConverter.convert(SerializingConverter.java:60) ~[spring-core-6.2.18.jar:6.2.18]
	at org.springframework.core.serializer.support.SerializingConverter.convert(SerializingConverter.java:33) ~[spring-core-6.2.18.jar:6.2.18]
	at org.springframework.data.redis.serializer.JdkSerializationRedisSerializer.serialize(JdkSerializationRedisSerializer.java:95) ~[spring-data-redis-3.5.11.jar:3.5.11]
	at org.springframework.data.redis.serializer.DefaultRedisElementWriter.write(DefaultRedisElementWriter.java:42) ~[spring-data-redis-3.5.11.jar:3.5.11]
	at org.springframework.data.redis.serializer.RedisSerializationContext$SerializationPair.write(RedisSerializationContext.java:292) ~[spring-data-redis-3.5.11.jar:3.5.11]
	at org.springframework.data.redis.cache.RedisCache.serializeCacheValue(RedisCache.java:343) ~[spring-data-redis-3.5.11.jar:3.5.11]
	at org.springframework.data.redis.cache.RedisCache.put(RedisCache.java:204) ~[spring-data-redis-3.5.11.jar:3.5.11]
	at org.springframework.cache.interceptor.AbstractCacheInvoker.doPut(AbstractCacheInvoker.java:157) ~[spring-context-6.2.18.jar:6.2.18]
	at org.springframework.cache.interceptor.CacheAspectSupport$CachePutRequest.performCachePut(CacheAspectSupport.java:1089) ~[spring-context-6.2.18.jar:6.2.18]
	at org.springframework.cache.interceptor.CacheAspectSupport$CachePutRequest.apply(CacheAspectSupport.java:1074) ~[spring-context-6.2.18.jar:6.2.18]
	at org.springframework.cache.interceptor.CacheAspectSupport.evaluate(CacheAspectSupport.java:618) ~[spring-context-6.2.18.jar:6.2.18]
	at org.springframework.cache.interceptor.CacheAspectSupport.execute(CacheAspectSupport.java:450) ~[spring-context-6.2.18.jar:6.2.18]
	at org.springframework.cache.interceptor.CacheAspectSupport.execute(CacheAspectSupport.java:412) ~[spring-context-6.2.18.jar:6.2.18]
	at org.springframework.cache.interceptor.CacheInterceptor.invoke(CacheInterceptor.java:65) ~[spring-context-6.2.18.jar:6.2.18]
	at org.springframework.aop.framework.ReflectiveMethodInvocation.proceed(ReflectiveMethodInvocation.java:184) ~[spring-aop-6.2.18.jar:6.2.18]
	at org.springframework.aop.framework.CglibAopProxy$DynamicAdvisedInterceptor.intercept(CglibAopProxy.java:728) ~[spring-aop-6.2.18.jar:6.2.18]
	at com.balu.food_delivery_system.service.RestaurantService$$SpringCGLIB$$0.getApprovedRestaurants(<generated>) ~[classes/:na]
	at com.balu.food_delivery_system.controller.RestaurantController.getApprovedRestaurants(RestaurantController.java:57) ~[classes/:na]
	at java.base/jdk.internal.reflect.DirectMethodHandleAccessor.invoke(DirectMethodHandleAccessor.java:104) ~[na:na]
	at java.base/java.lang.reflect.Method.invoke(Method.java:565) ~[na:na]
	at org.springframework.aop.support.AopUtils.invokeJoinpointUsingReflection(AopUtils.java:360) ~[spring-aop-6.2.18.jar:6.2.18]
	at org.springframework.aop.framework.CglibAopProxy$DynamicAdvisedInterceptor.intercept(CglibAopProxy.java:724) ~[spring-aop-6.2.18.jar:6.2.18]
	at com.balu.food_delivery_system.controller.RestaurantController$$SpringCGLIB$$0.getApprovedRestaurants(<generated>) ~[classes/:na]
	at java.base/jdk.internal.reflect.DirectMethodHandleAccessor.invoke(DirectMethodHandleAccessor.java:104) ~[na:na]
	at java.base/java.lang.reflect.Method.invoke(Method.java:565) ~[na:na]
	at org.springframework.web.method.support.InvocableHandlerMethod.doInvoke(InvocableHandlerMethod.java:258) ~[spring-web-6.2.18.jar:6.2.18]
	at org.springframework.web.method.support.InvocableHandlerMethod.invokeForRequest(InvocableHandlerMethod.java:191) ~[spring-web-6.2.18.jar:6.2.18]
	at org.springframework.web.servlet.mvc.method.annotation.ServletInvocableHandlerMethod.invokeAndHandle(ServletInvocableHandlerMethod.java:118) ~[spring-webmvc-6.2.18.jar:6.2.18]
	at org.springframework.web.servlet.mvc.method.annotation.RequestMappingHandlerAdapter.invokeHandlerMethod(RequestMappingHandlerAdapter.java:991) ~[spring-webmvc-6.2.18.jar:6.2.18]
	at org.springframework.web.servlet.mvc.method.annotation.RequestMappingHandlerAdapter.handleInternal(RequestMappingHandlerAdapter.java:896) ~[spring-webmvc-6.2.18.jar:6.2.18]
	at org.springframework.web.servlet.mvc.method.AbstractHandlerMethodAdapter.handle(AbstractHandlerMethodAdapter.java:87) ~[spring-webmvc-6.2.18.jar:6.2.18]
	at org.springframework.web.servlet.DispatcherServlet.doDispatch(DispatcherServlet.java:1089) ~[spring-webmvc-6.2.18.jar:6.2.18]
	at org.springframework.web.servlet.DispatcherServlet.doService(DispatcherServlet.java:979) ~[spring-webmvc-6.2.18.jar:6.2.18]
	at org.springframework.web.servlet.FrameworkServlet.processRequest(FrameworkServlet.java:1014) ~[spring-webmvc-6.2.18.jar:6.2.18]
	at org.springframework.web.servlet.FrameworkServlet.doGet(FrameworkServlet.java:903) ~[spring-webmvc-6.2.18.jar:6.2.18]
	at jakarta.servlet.http.HttpServlet.service(HttpServlet.java:564) ~[tomcat-embed-core-10.1.54.jar:6.0]
	at org.springframework.web.servlet.FrameworkServlet.service(FrameworkServlet.java:885) ~[spring-webmvc-6.2.18.jar:6.2.18]
	at jakarta.servlet.http.HttpServlet.service(HttpServlet.java:658) ~[tomcat-embed-core-10.1.54.jar:6.0]
	at org.apache.catalina.core.ApplicationFilterChain.internalDoFilter(ApplicationFilterChain.java:193) ~[tomcat-embed-core-10.1.54.jar:10.1.54]
	at org.apache.catalina.core.ApplicationFilterChain.doFilter(ApplicationFilterChain.java:138) ~[tomcat-embed-core-10.1.54.jar:10.1.54]
	at org.apache.tomcat.websocket.server.WsFilter.doFilter(WsFilter.java:51) ~[tomcat-embed-websocket-10.1.54.jar:10.1.54]
	at org.apache.catalina.core.ApplicationFilterChain.internalDoFilter(ApplicationFilterChain.java:162) ~[tomcat-embed-core-10.1.54.jar:10.1.54]
	at org.apache.catalina.core.ApplicationFilterChain.doFilter(ApplicationFilterChain.java:138) ~[tomcat-embed-core-10.1.54.jar:10.1.54]
	at org.springframework.web.filter.OncePerRequestFilter.doFilter(OncePerRequestFilter.java:110) ~[spring-web-6.2.18.jar:6.2.18]
	at org.apache.catalina.core.ApplicationFilterChain.internalDoFilter(ApplicationFilterChain.java:162) ~[tomcat-embed-core-10.1.54.jar:10.1.54]
	at org.apache.catalina.core.ApplicationFilterChain.doFilter(ApplicationFilterChain.java:138) ~[tomcat-embed-core-10.1.54.jar:10.1.54]
	at org.springframework.web.filter.CompositeFilter$VirtualFilterChain.doFilter(CompositeFilter.java:108) ~[spring-web-6.2.18.jar:6.2.18]
	at org.springframework.web.filter.CompositeFilter$VirtualFilterChain.doFilter(CompositeFilter.java:108) ~[spring-web-6.2.18.jar:6.2.18]
	at org.springframework.security.web.FilterChainProxy.lambda$doFilterInternal$3(FilterChainProxy.java:231) ~[spring-security-web-6.5.10.jar:6.5.10]
	at org.springframework.security.web.FilterChainProxy$VirtualFilterChain.doFilter(FilterChainProxy.java:370) ~[spring-security-web-6.5.10.jar:6.5.10]
	at org.springframework.security.web.access.intercept.AuthorizationFilter.doFilter(AuthorizationFilter.java:101) ~[spring-security-web-6.5.10.jar:6.5.10]
	at org.springframework.security.web.FilterChainProxy$VirtualFilterChain.doFilter(FilterChainProxy.java:379) ~[spring-security-web-6.5.10.jar:6.5.10]
	at org.springframework.security.web.access.ExceptionTranslationFilter.doFilter(ExceptionTranslationFilter.java:125) ~[spring-security-web-6.5.10.jar:6.5.10]
	at org.springframework.security.web.access.ExceptionTranslationFilter.doFilter(ExceptionTranslationFilter.java:119) ~[spring-security-web-6.5.10.jar:6.5.10]
	at org.springframework.security.web.FilterChainProxy$VirtualFilterChain.doFilter(FilterChainProxy.java:379) ~[spring-security-web-6.5.10.jar:6.5.10]
	at org.springframework.security.web.session.SessionManagementFilter.doFilter(SessionManagementFilter.java:131) ~[spring-security-web-6.5.10.jar:6.5.10]
	at org.springframework.security.web.session.SessionManagementFilter.doFilter(SessionManagementFilter.java:85) ~[spring-security-web-6.5.10.jar:6.5.10]
	at org.springframework.security.web.FilterChainProxy$VirtualFilterChain.doFilter(FilterChainProxy.java:379) ~[spring-security-web-6.5.10.jar:6.5.10]
	at org.springframework.security.web.authentication.AnonymousAuthenticationFilter.doFilter(AnonymousAuthenticationFilter.java:100) ~[spring-security-web-6.5.10.jar:6.5.10]
	at org.springframework.security.web.FilterChainProxy$VirtualFilterChain.doFilter(FilterChainProxy.java:379) ~[spring-security-web-6.5.10.jar:6.5.10]
	at org.springframework.security.web.servletapi.SecurityContextHolderAwareRequestFilter.doFilter(SecurityContextHolderAwareRequestFilter.java:179) ~[spring-security-web-6.5.10.jar:6.5.10]
	at org.springframework.security.web.FilterChainProxy$VirtualFilterChain.doFilter(FilterChainProxy.java:379) ~[spring-security-web-6.5.10.jar:6.5.10]
	at org.springframework.security.web.savedrequest.RequestCacheAwareFilter.doFilter(RequestCacheAwareFilter.java:63) ~[spring-security-web-6.5.10.jar:6.5.10]
	at org.springframework.security.web.FilterChainProxy$VirtualFilterChain.doFilter(FilterChainProxy.java:379) ~[spring-security-web-6.5.10.jar:6.5.10]
	at com.balu.food_delivery_system.security.JwtFilter.doFilterInternal(JwtFilter.java:69) ~[classes/:na]
	at org.springframework.web.filter.OncePerRequestFilter.doFilter(OncePerRequestFilter.java:116) ~[spring-web-6.2.18.jar:6.2.18]
	at org.springframework.security.web.FilterChainProxy$VirtualFilterChain.doFilter(FilterChainProxy.java:379) ~[spring-security-web-6.5.10.jar:6.5.10]
	at org.springframework.security.web.authentication.logout.LogoutFilter.doFilter(LogoutFilter.java:107) ~[spring-security-web-6.5.10.jar:6.5.10]
	at org.springframework.security.web.authentication.logout.LogoutFilter.doFilter(LogoutFilter.java:93) ~[spring-security-web-6.5.10.jar:6.5.10]
	at org.springframework.security.web.FilterChainProxy$VirtualFilterChain.doFilter(FilterChainProxy.java:379) ~[spring-security-web-6.5.10.jar:6.5.10]
	at org.springframework.security.web.header.HeaderWriterFilter.doHeadersAfter(HeaderWriterFilter.java:90) ~[spring-security-web-6.5.10.jar:6.5.10]
	at org.springframework.security.web.header.HeaderWriterFilter.doFilterInternal(HeaderWriterFilter.java:75) ~[spring-security-web-6.5.10.jar:6.5.10]
	at org.springframework.web.filter.OncePerRequestFilter.doFilter(OncePerRequestFilter.java:116) ~[spring-web-6.2.18.jar:6.2.18]
	at org.springframework.security.web.FilterChainProxy$VirtualFilterChain.doFilter(FilterChainProxy.java:379) ~[spring-security-web-6.5.10.jar:6.5.10]
	at org.springframework.security.web.context.SecurityContextHolderFilter.doFilter(SecurityContextHolderFilter.java:82) ~[spring-security-web-6.5.10.jar:6.5.10]
	at org.springframework.security.web.context.SecurityContextHolderFilter.doFilter(SecurityContextHolderFilter.java:69) ~[spring-security-web-6.5.10.jar:6.5.10]
	at org.springframework.security.web.FilterChainProxy$VirtualFilterChain.doFilter(FilterChainProxy.java:379) ~[spring-security-web-6.5.10.jar:6.5.10]
	at org.springframework.security.web.context.request.async.WebAsyncManagerIntegrationFilter.doFilterInternal(WebAsyncManagerIntegrationFilter.java:62) ~[spring-security-web-6.5.10.jar:6.5.10]
	at org.springframework.web.filter.OncePerRequestFilter.doFilter(OncePerRequestFilter.java:116) ~[spring-web-6.2.18.jar:6.2.18]
	at org.springframework.security.web.FilterChainProxy$VirtualFilterChain.doFilter(FilterChainProxy.java:379) ~[spring-security-web-6.5.10.jar:6.5.10]
	at org.springframework.security.web.session.DisableEncodeUrlFilter.doFilterInternal(DisableEncodeUrlFilter.java:42) ~[spring-security-web-6.5.10.jar:6.5.10]
	at org.springframework.web.filter.OncePerRequestFilter.doFilter(OncePerRequestFilter.java:116) ~[spring-web-6.2.18.jar:6.2.18]
	at org.springframework.security.web.FilterChainProxy$VirtualFilterChain.doFilter(FilterChainProxy.java:379) ~[spring-security-web-6.5.10.jar:6.5.10]
	at org.springframework.security.web.FilterChainProxy.doFilterInternal(FilterChainProxy.java:233) ~[spring-security-web-6.5.10.jar:6.5.10]
	at org.springframework.security.web.FilterChainProxy.doFilter(FilterChainProxy.java:191) ~[spring-security-web-6.5.10.jar:6.5.10]
	at org.springframework.web.filter.CompositeFilter$VirtualFilterChain.doFilter(CompositeFilter.java:113) ~[spring-web-6.2.18.jar:6.2.18]
	at org.springframework.web.filter.ServletRequestPathFilter.doFilter(ServletRequestPathFilter.java:52) ~[spring-web-6.2.18.jar:6.2.18]
	at org.springframework.web.filter.CompositeFilter$VirtualFilterChain.doFilter(CompositeFilter.java:113) ~[spring-web-6.2.18.jar:6.2.18]
	at org.springframework.web.filter.CompositeFilter.doFilter(CompositeFilter.java:74) ~[spring-web-6.2.18.jar:6.2.18]
	at org.springframework.security.config.annotation.web.configuration.WebSecurityConfiguration$CompositeFilterChainProxy.doFilter(WebSecurityConfiguration.java:319) ~[spring-security-config-6.5.10.jar:6.5.10]
	at org.springframework.web.filter.CompositeFilter$VirtualFilterChain.doFilter(CompositeFilter.java:113) ~[spring-web-6.2.18.jar:6.2.18]
	at org.springframework.web.servlet.handler.HandlerMappingIntrospector.lambda$createCacheFilter$4(HandlerMappingIntrospector.java:267) ~[spring-webmvc-6.2.18.jar:6.2.18]
	at org.springframework.web.filter.CompositeFilter$VirtualFilterChain.doFilter(CompositeFilter.java:113) ~[spring-web-6.2.18.jar:6.2.18]
	at org.springframework.web.filter.CompositeFilter.doFilter(CompositeFilter.java:74) ~[spring-web-6.2.18.jar:6.2.18]
	at org.springframework.security.config.annotation.web.configuration.WebMvcSecurityConfiguration$CompositeFilterChainProxy.doFilter(WebMvcSecurityConfiguration.java:240) ~[spring-security-config-6.5.10.jar:6.5.10]
	at org.springframework.web.filter.DelegatingFilterProxy.invokeDelegate(DelegatingFilterProxy.java:362) ~[spring-web-6.2.18.jar:6.2.18]
	at org.springframework.web.filter.DelegatingFilterProxy.doFilter(DelegatingFilterProxy.java:278) ~[spring-web-6.2.18.jar:6.2.18]
	at org.apache.catalina.core.ApplicationFilterChain.internalDoFilter(ApplicationFilterChain.java:162) ~[tomcat-embed-core-10.1.54.jar:10.1.54]
	at org.apache.catalina.core.ApplicationFilterChain.doFilter(ApplicationFilterChain.java:138) ~[tomcat-embed-core-10.1.54.jar:10.1.54]
	at org.springframework.web.filter.RequestContextFilter.doFilterInternal(RequestContextFilter.java:100) ~[spring-web-6.2.18.jar:6.2.18]
	at org.springframework.web.filter.OncePerRequestFilter.doFilter(OncePerRequestFilter.java:116) ~[spring-web-6.2.18.jar:6.2.18]
	at org.apache.catalina.core.ApplicationFilterChain.internalDoFilter(ApplicationFilterChain.java:162) ~[tomcat-embed-core-10.1.54.jar:10.1.54]
	at org.apache.catalina.core.ApplicationFilterChain.doFilter(ApplicationFilterChain.java:138) ~[tomcat-embed-core-10.1.54.jar:10.1.54]
	at org.springframework.web.filter.FormContentFilter.doFilterInternal(FormContentFilter.java:93) ~[spring-web-6.2.18.jar:6.2.18]
	at org.springframework.web.filter.OncePerRequestFilter.doFilter(OncePerRequestFilter.java:116) ~[spring-web-6.2.18.jar:6.2.18]
	at org.apache.catalina.core.ApplicationFilterChain.internalDoFilter(ApplicationFilterChain.java:162) ~[tomcat-embed-core-10.1.54.jar:10.1.54]
	at org.apache.catalina.core.ApplicationFilterChain.doFilter(ApplicationFilterChain.java:138) ~[tomcat-embed-core-10.1.54.jar:10.1.54]
	at org.springframework.web.filter.CharacterEncodingFilter.doFilterInternal(CharacterEncodingFilter.java:201) ~[spring-web-6.2.18.jar:6.2.18]
	at org.springframework.web.filter.OncePerRequestFilter.doFilter(OncePerRequestFilter.java:116) ~[spring-web-6.2.18.jar:6.2.18]
	at org.apache.catalina.core.ApplicationFilterChain.internalDoFilter(ApplicationFilterChain.java:162) ~[tomcat-embed-core-10.1.54.jar:10.1.54]
	at org.apache.catalina.core.ApplicationFilterChain.doFilter(ApplicationFilterChain.java:138) ~[tomcat-embed-core-10.1.54.jar:10.1.54]
	at org.apache.catalina.core.StandardWrapperValve.invoke(StandardWrapperValve.java:165) ~[tomcat-embed-core-10.1.54.jar:10.1.54]
	at org.apache.catalina.core.StandardContextValve.invoke(StandardContextValve.java:88) ~[tomcat-embed-core-10.1.54.jar:10.1.54]
	at org.apache.catalina.authenticator.AuthenticatorBase.invoke(AuthenticatorBase.java:492) ~[tomcat-embed-core-10.1.54.jar:10.1.54]
	at org.apache.catalina.core.StandardHostValve.invoke(StandardHostValve.java:113) ~[tomcat-embed-core-10.1.54.jar:10.1.54]
	at org.apache.catalina.valves.ErrorReportValve.invoke(ErrorReportValve.java:83) ~[tomcat-embed-core-10.1.54.jar:10.1.54]
	at org.apache.catalina.core.StandardEngineValve.invoke(StandardEngineValve.java:72) ~[tomcat-embed-core-10.1.54.jar:10.1.54]
	at org.apache.catalina.connector.CoyoteAdapter.service(CoyoteAdapter.java:342) ~[tomcat-embed-core-10.1.54.jar:10.1.54]
	at org.apache.coyote.http11.Http11Processor.service(Http11Processor.java:399) ~[tomcat-embed-core-10.1.54.jar:10.1.54]
	at org.apache.coyote.AbstractProcessorLight.process(AbstractProcessorLight.java:63) ~[tomcat-embed-core-10.1.54.jar:10.1.54]
	at org.apache.coyote.AbstractProtocol$ConnectionHandler.process(AbstractProtocol.java:903) ~[tomcat-embed-core-10.1.54.jar:10.1.54]
	at org.apache.tomcat.util.net.NioEndpoint$SocketProcessor.doRun(NioEndpoint.java:1797) ~[tomcat-embed-core-10.1.54.jar:10.1.54]
	at org.apache.tomcat.util.net.SocketProcessorBase.run(SocketProcessorBase.java:52) ~[tomcat-embed-core-10.1.54.jar:10.1.54]
	at org.apache.tomcat.util.threads.ThreadPoolExecutor.runWorker(ThreadPoolExecutor.java:973) ~[tomcat-embed-core-10.1.54.jar:10.1.54]
	at org.apache.tomcat.util.threads.ThreadPoolExecutor$Worker.run(ThreadPoolExecutor.java:491) ~[tomcat-embed-core-10.1.54.jar:10.1.54]
	at org.apache.tomcat.util.threads.TaskThread$WrappingRunnable.run(TaskThread.java:63) ~[tomcat-embed-core-10.1.54.jar:10.1.54]
	at java.base/java.lang.Thread.run(Thread.java:1474) ~[na:na]

2026-06-17T01:48:02.952+05:30  INFO 18132 --- [food-delivery-system] [scheduling-1] c.b.f.service.OrderSchedulerService      : [SCHEDULER] Checking for unpaid orders...
2026-06-17T01:48:02.957+05:30  INFO 18132 --- [food-delivery-system] [scheduling-1] c.b.f.service.OrderSchedulerService      : [SCHEDULER] No unpaid orders found.
2026-06-17T01:48:22.063+05:30  INFO 18132 --- [food-delivery-system] [http-nio-8080-exec-4] c.b.f.service.RestaurantService          : Fetching approved restaurants
2026-06-17T01:48:22.075+05:30 ERROR 18132 --- [food-delivery-system] [http-nio-8080-exec-4] o.a.c.c.C.[.[.[/].[dispatcherServlet]    : Servlet.service() for servlet [dispatcherServlet] in context with path [] threw exception [Request processing failed: org.springframework.data.redis.serializer.SerializationException: Cannot serialize] with root cause

java.io.NotSerializableException: com.balu.food_delivery_system.dto.RestaurantResponseDTO
	at java.base/java.io.ObjectOutputStream.writeObject0(ObjectOutputStream.java:1085) ~[na:na]
	at java.base/java.io.ObjectOutputStream.writeObject(ObjectOutputStream.java:325) ~[na:na]
	at java.base/java.util.ArrayList.writeObject(ArrayList.java:949) ~[na:na]
	at java.base/jdk.internal.reflect.DirectMethodHandleAccessor.invoke(DirectMethodHandleAccessor.java:104) ~[na:na]
	at java.base/java.lang.reflect.Method.invoke(Method.java:565) ~[na:na]
	at java.base/java.io.ObjectStreamClass.invokeWriteObject(ObjectStreamClass.java:946) ~[na:na]
	at java.base/java.io.ObjectOutputStream.writeSerialData(ObjectOutputStream.java:1395) ~[na:na]
	at java.base/java.io.ObjectOutputStream.writeOrdinaryObject(ObjectOutputStream.java:1317) ~[na:na]
	at java.base/java.io.ObjectOutputStream.writeObject0(ObjectOutputStream.java:1079) ~[na:na]
	at java.base/java.io.ObjectOutputStream.writeObject(ObjectOutputStream.java:325) ~[na:na]
	at org.springframework.core.serializer.DefaultSerializer.serialize(DefaultSerializer.java:46) ~[spring-core-6.2.18.jar:6.2.18]
	at org.springframework.core.serializer.Serializer.serializeToByteArray(Serializer.java:56) ~[spring-core-6.2.18.jar:6.2.18]
	at org.springframework.core.serializer.support.SerializingConverter.convert(SerializingConverter.java:60) ~[spring-core-6.2.18.jar:6.2.18]
	at org.springframework.core.serializer.support.SerializingConverter.convert(SerializingConverter.java:33) ~[spring-core-6.2.18.jar:6.2.18]
	at org.springframework.data.redis.serializer.JdkSerializationRedisSerializer.serialize(JdkSerializationRedisSerializer.java:95) ~[spring-data-redis-3.5.11.jar:3.5.11]
	at org.springframework.data.redis.serializer.DefaultRedisElementWriter.write(DefaultRedisElementWriter.java:42) ~[spring-data-redis-3.5.11.jar:3.5.11]
	at org.springframework.data.redis.serializer.RedisSerializationContext$SerializationPair.write(RedisSerializationContext.java:292) ~[spring-data-redis-3.5.11.jar:3.5.11]
	at org.springframework.data.redis.cache.RedisCache.serializeCacheValue(RedisCache.java:343) ~[spring-data-redis-3.5.11.jar:3.5.11]
	at org.springframework.data.redis.cache.RedisCache.put(RedisCache.java:204) ~[spring-data-redis-3.5.11.jar:3.5.11]
	at org.springframework.cache.interceptor.AbstractCacheInvoker.doPut(AbstractCacheInvoker.java:157) ~[spring-context-6.2.18.jar:6.2.18]
	at org.springframework.cache.interceptor.CacheAspectSupport$CachePutRequest.performCachePut(CacheAspectSupport.java:1089) ~[spring-context-6.2.18.jar:6.2.18]
	at org.springframework.cache.interceptor.CacheAspectSupport$CachePutRequest.apply(CacheAspectSupport.java:1074) ~[spring-context-6.2.18.jar:6.2.18]
	at org.springframework.cache.interceptor.CacheAspectSupport.evaluate(CacheAspectSupport.java:618) ~[spring-context-6.2.18.jar:6.2.18]
	at org.springframework.cache.interceptor.CacheAspectSupport.execute(CacheAspectSupport.java:450) ~[spring-context-6.2.18.jar:6.2.18]
	at org.springframework.cache.interceptor.CacheAspectSupport.execute(CacheAspectSupport.java:412) ~[spring-context-6.2.18.jar:6.2.18]
	at org.springframework.cache.interceptor.CacheInterceptor.invoke(CacheInterceptor.java:65) ~[spring-context-6.2.18.jar:6.2.18]
	at org.springframework.aop.framework.ReflectiveMethodInvocation.proceed(ReflectiveMethodInvocation.java:184) ~[spring-aop-6.2.18.jar:6.2.18]
	at org.springframework.aop.framework.CglibAopProxy$DynamicAdvisedInterceptor.intercept(CglibAopProxy.java:728) ~[spring-aop-6.2.18.jar:6.2.18]
	at com.balu.food_delivery_system.service.RestaurantService$$SpringCGLIB$$0.getApprovedRestaurants(<generated>) ~[classes/:na]
	at com.balu.food_delivery_system.controller.RestaurantController.getApprovedRestaurants(RestaurantController.java:57) ~[classes/:na]
	at java.base/jdk.internal.reflect.DirectMethodHandleAccessor.invoke(DirectMethodHandleAccessor.java:104) ~[na:na]
	at java.base/java.lang.reflect.Method.invoke(Method.java:565) ~[na:na]
	at org.springframework.aop.support.AopUtils.invokeJoinpointUsingReflection(AopUtils.java:360) ~[spring-aop-6.2.18.jar:6.2.18]
	at org.springframework.aop.framework.CglibAopProxy$DynamicAdvisedInterceptor.intercept(CglibAopProxy.java:724) ~[spring-aop-6.2.18.jar:6.2.18]
	at com.balu.food_delivery_system.controller.RestaurantController$$SpringCGLIB$$0.getApprovedRestaurants(<generated>) ~[classes/:na]
	at java.base/jdk.internal.reflect.DirectMethodHandleAccessor.invoke(DirectMethodHandleAccessor.java:104) ~[na:na]
	at java.base/java.lang.reflect.Method.invoke(Method.java:565) ~[na:na]
	at org.springframework.web.method.support.InvocableHandlerMethod.doInvoke(InvocableHandlerMethod.java:258) ~[spring-web-6.2.18.jar:6.2.18]
	at org.springframework.web.method.support.InvocableHandlerMethod.invokeForRequest(InvocableHandlerMethod.java:191) ~[spring-web-6.2.18.jar:6.2.18]
	at org.springframework.web.servlet.mvc.method.annotation.ServletInvocableHandlerMethod.invokeAndHandle(ServletInvocableHandlerMethod.java:118) ~[spring-webmvc-6.2.18.jar:6.2.18]
	at org.springframework.web.servlet.mvc.method.annotation.RequestMappingHandlerAdapter.invokeHandlerMethod(RequestMappingHandlerAdapter.java:991) ~[spring-webmvc-6.2.18.jar:6.2.18]
	at org.springframework.web.servlet.mvc.method.annotation.RequestMappingHandlerAdapter.handleInternal(RequestMappingHandlerAdapter.java:896) ~[spring-webmvc-6.2.18.jar:6.2.18]
	at org.springframework.web.servlet.mvc.method.AbstractHandlerMethodAdapter.handle(AbstractHandlerMethodAdapter.java:87) ~[spring-webmvc-6.2.18.jar:6.2.18]
	at org.springframework.web.servlet.DispatcherServlet.doDispatch(DispatcherServlet.java:1089) ~[spring-webmvc-6.2.18.jar:6.2.18]
	at org.springframework.web.servlet.DispatcherServlet.doService(DispatcherServlet.java:979) ~[spring-webmvc-6.2.18.jar:6.2.18]
	at org.springframework.web.servlet.FrameworkServlet.processRequest(FrameworkServlet.java:1014) ~[spring-webmvc-6.2.18.jar:6.2.18]
	at org.springframework.web.servlet.FrameworkServlet.doGet(FrameworkServlet.java:903) ~[spring-webmvc-6.2.18.jar:6.2.18]
	at jakarta.servlet.http.HttpServlet.service(HttpServlet.java:564) ~[tomcat-embed-core-10.1.54.jar:6.0]
	at org.springframework.web.servlet.FrameworkServlet.service(FrameworkServlet.java:885) ~[spring-webmvc-6.2.18.jar:6.2.18]
	at jakarta.servlet.http.HttpServlet.service(HttpServlet.java:658) ~[tomcat-embed-core-10.1.54.jar:6.0]
	at org.apache.catalina.core.ApplicationFilterChain.internalDoFilter(ApplicationFilterChain.java:193) ~[tomcat-embed-core-10.1.54.jar:10.1.54]
	at org.apache.catalina.core.ApplicationFilterChain.doFilter(ApplicationFilterChain.java:138) ~[tomcat-embed-core-10.1.54.jar:10.1.54]
	at org.apache.tomcat.websocket.server.WsFilter.doFilter(WsFilter.java:51) ~[tomcat-embed-websocket-10.1.54.jar:10.1.54]
	at org.apache.catalina.core.ApplicationFilterChain.internalDoFilter(ApplicationFilterChain.java:162) ~[tomcat-embed-core-10.1.54.jar:10.1.54]
	at org.apache.catalina.core.ApplicationFilterChain.doFilter(ApplicationFilterChain.java:138) ~[tomcat-embed-core-10.1.54.jar:10.1.54]
	at org.springframework.web.filter.OncePerRequestFilter.doFilter(OncePerRequestFilter.java:110) ~[spring-web-6.2.18.jar:6.2.18]
	at org.apache.catalina.core.ApplicationFilterChain.internalDoFilter(ApplicationFilterChain.java:162) ~[tomcat-embed-core-10.1.54.jar:10.1.54]
	at org.apache.catalina.core.ApplicationFilterChain.doFilter(ApplicationFilterChain.java:138) ~[tomcat-embed-core-10.1.54.jar:10.1.54]
	at org.springframework.web.filter.CompositeFilter$VirtualFilterChain.doFilter(CompositeFilter.java:108) ~[spring-web-6.2.18.jar:6.2.18]
	at org.springframework.web.filter.CompositeFilter$VirtualFilterChain.doFilter(CompositeFilter.java:108) ~[spring-web-6.2.18.jar:6.2.18]
	at org.springframework.security.web.FilterChainProxy.lambda$doFilterInternal$3(FilterChainProxy.java:231) ~[spring-security-web-6.5.10.jar:6.5.10]
	at org.springframework.security.web.FilterChainProxy$VirtualFilterChain.doFilter(FilterChainProxy.java:370) ~[spring-security-web-6.5.10.jar:6.5.10]
	at org.springframework.security.web.access.intercept.AuthorizationFilter.doFilter(AuthorizationFilter.java:101) ~[spring-security-web-6.5.10.jar:6.5.10]
	at org.springframework.security.web.FilterChainProxy$VirtualFilterChain.doFilter(FilterChainProxy.java:379) ~[spring-security-web-6.5.10.jar:6.5.10]
	at org.springframework.security.web.access.ExceptionTranslationFilter.doFilter(ExceptionTranslationFilter.java:125) ~[spring-security-web-6.5.10.jar:6.5.10]
	at org.springframework.security.web.access.ExceptionTranslationFilter.doFilter(ExceptionTranslationFilter.java:119) ~[spring-security-web-6.5.10.jar:6.5.10]
	at org.springframework.security.web.FilterChainProxy$VirtualFilterChain.doFilter(FilterChainProxy.java:379) ~[spring-security-web-6.5.10.jar:6.5.10]
	at org.springframework.security.web.session.SessionManagementFilter.doFilter(SessionManagementFilter.java:131) ~[spring-security-web-6.5.10.jar:6.5.10]
	at org.springframework.security.web.session.SessionManagementFilter.doFilter(SessionManagementFilter.java:85) ~[spring-security-web-6.5.10.jar:6.5.10]
	at org.springframework.security.web.FilterChainProxy$VirtualFilterChain.doFilter(FilterChainProxy.java:379) ~[spring-security-web-6.5.10.jar:6.5.10]
	at org.springframework.security.web.authentication.AnonymousAuthenticationFilter.doFilter(AnonymousAuthenticationFilter.java:100) ~[spring-security-web-6.5.10.jar:6.5.10]
	at org.springframework.security.web.FilterChainProxy$VirtualFilterChain.doFilter(FilterChainProxy.java:379) ~[spring-security-web-6.5.10.jar:6.5.10]
	at org.springframework.security.web.servletapi.SecurityContextHolderAwareRequestFilter.doFilter(SecurityContextHolderAwareRequestFilter.java:179) ~[spring-security-web-6.5.10.jar:6.5.10]
	at org.springframework.security.web.FilterChainProxy$VirtualFilterChain.doFilter(FilterChainProxy.java:379) ~[spring-security-web-6.5.10.jar:6.5.10]
	at org.springframework.security.web.savedrequest.RequestCacheAwareFilter.doFilter(RequestCacheAwareFilter.java:63) ~[spring-security-web-6.5.10.jar:6.5.10]
	at org.springframework.security.web.FilterChainProxy$VirtualFilterChain.doFilter(FilterChainProxy.java:379) ~[spring-security-web-6.5.10.jar:6.5.10]
	at com.balu.food_delivery_system.security.JwtFilter.doFilterInternal(JwtFilter.java:69) ~[classes/:na]
	at org.springframework.web.filter.OncePerRequestFilter.doFilter(OncePerRequestFilter.java:116) ~[spring-web-6.2.18.jar:6.2.18]
	at org.springframework.security.web.FilterChainProxy$VirtualFilterChain.doFilter(FilterChainProxy.java:379) ~[spring-security-web-6.5.10.jar:6.5.10]
	at org.springframework.security.web.authentication.logout.LogoutFilter.doFilter(LogoutFilter.java:107) ~[spring-security-web-6.5.10.jar:6.5.10]
	at org.springframework.security.web.authentication.logout.LogoutFilter.doFilter(LogoutFilter.java:93) ~[spring-security-web-6.5.10.jar:6.5.10]
	at org.springframework.security.web.FilterChainProxy$VirtualFilterChain.doFilter(FilterChainProxy.java:379) ~[spring-security-web-6.5.10.jar:6.5.10]
	at org.springframework.security.web.header.HeaderWriterFilter.doHeadersAfter(HeaderWriterFilter.java:90) ~[spring-security-web-6.5.10.jar:6.5.10]
	at org.springframework.security.web.header.HeaderWriterFilter.doFilterInternal(HeaderWriterFilter.java:75) ~[spring-security-web-6.5.10.jar:6.5.10]
	at org.springframework.web.filter.OncePerRequestFilter.doFilter(OncePerRequestFilter.java:116) ~[spring-web-6.2.18.jar:6.2.18]
	at org.springframework.security.web.FilterChainProxy$VirtualFilterChain.doFilter(FilterChainProxy.java:379) ~[spring-security-web-6.5.10.jar:6.5.10]
	at org.springframework.security.web.context.SecurityContextHolderFilter.doFilter(SecurityContextHolderFilter.java:82) ~[spring-security-web-6.5.10.jar:6.5.10]
	at org.springframework.security.web.context.SecurityContextHolderFilter.doFilter(SecurityContextHolderFilter.java:69) ~[spring-security-web-6.5.10.jar:6.5.10]
	at org.springframework.security.web.FilterChainProxy$VirtualFilterChain.doFilter(FilterChainProxy.java:379) ~[spring-security-web-6.5.10.jar:6.5.10]
	at org.springframework.security.web.context.request.async.WebAsyncManagerIntegrationFilter.doFilterInternal(WebAsyncManagerIntegrationFilter.java:62) ~[spring-security-web-6.5.10.jar:6.5.10]
	at org.springframework.web.filter.OncePerRequestFilter.doFilter(OncePerRequestFilter.java:116) ~[spring-web-6.2.18.jar:6.2.18]
	at org.springframework.security.web.FilterChainProxy$VirtualFilterChain.doFilter(FilterChainProxy.java:379) ~[spring-security-web-6.5.10.jar:6.5.10]
	at org.springframework.security.web.session.DisableEncodeUrlFilter.doFilterInternal(DisableEncodeUrlFilter.java:42) ~[spring-security-web-6.5.10.jar:6.5.10]
	at org.springframework.web.filter.OncePerRequestFilter.doFilter(OncePerRequestFilter.java:116) ~[spring-web-6.2.18.jar:6.2.18]
	at org.springframework.security.web.FilterChainProxy$VirtualFilterChain.doFilter(FilterChainProxy.java:379) ~[spring-security-web-6.5.10.jar:6.5.10]
	at org.springframework.security.web.FilterChainProxy.doFilterInternal(FilterChainProxy.java:233) ~[spring-security-web-6.5.10.jar:6.5.10]
	at org.springframework.security.web.FilterChainProxy.doFilter(FilterChainProxy.java:191) ~[spring-security-web-6.5.10.jar:6.5.10]
	at org.springframework.web.filter.CompositeFilter$VirtualFilterChain.doFilter(CompositeFilter.java:113) ~[spring-web-6.2.18.jar:6.2.18]
	at org.springframework.web.filter.ServletRequestPathFilter.doFilter(ServletRequestPathFilter.java:52) ~[spring-web-6.2.18.jar:6.2.18]
	at org.springframework.web.filter.CompositeFilter$VirtualFilterChain.doFilter(CompositeFilter.java:113) ~[spring-web-6.2.18.jar:6.2.18]
	at org.springframework.web.filter.CompositeFilter.doFilter(CompositeFilter.java:74) ~[spring-web-6.2.18.jar:6.2.18]
	at org.springframework.security.config.annotation.web.configuration.WebSecurityConfiguration$CompositeFilterChainProxy.doFilter(WebSecurityConfiguration.java:319) ~[spring-security-config-6.5.10.jar:6.5.10]
	at org.springframework.web.filter.CompositeFilter$VirtualFilterChain.doFilter(CompositeFilter.java:113) ~[spring-web-6.2.18.jar:6.2.18]
	at org.springframework.web.servlet.handler.HandlerMappingIntrospector.lambda$createCacheFilter$4(HandlerMappingIntrospector.java:267) ~[spring-webmvc-6.2.18.jar:6.2.18]
	at org.springframework.web.filter.CompositeFilter$VirtualFilterChain.doFilter(CompositeFilter.java:113) ~[spring-web-6.2.18.jar:6.2.18]
	at org.springframework.web.filter.CompositeFilter.doFilter(CompositeFilter.java:74) ~[spring-web-6.2.18.jar:6.2.18]
	at org.springframework.security.config.annotation.web.configuration.WebMvcSecurityConfiguration$CompositeFilterChainProxy.doFilter(WebMvcSecurityConfiguration.java:240) ~[spring-security-config-6.5.10.jar:6.5.10]
	at org.springframework.web.filter.DelegatingFilterProxy.invokeDelegate(DelegatingFilterProxy.java:362) ~[spring-web-6.2.18.jar:6.2.18]
	at org.springframework.web.filter.DelegatingFilterProxy.doFilter(DelegatingFilterProxy.java:278) ~[spring-web-6.2.18.jar:6.2.18]
	at org.apache.catalina.core.ApplicationFilterChain.internalDoFilter(ApplicationFilterChain.java:162) ~[tomcat-embed-core-10.1.54.jar:10.1.54]
	at org.apache.catalina.core.ApplicationFilterChain.doFilter(ApplicationFilterChain.java:138) ~[tomcat-embed-core-10.1.54.jar:10.1.54]
	at org.springframework.web.filter.RequestContextFilter.doFilterInternal(RequestContextFilter.java:100) ~[spring-web-6.2.18.jar:6.2.18]
	at org.springframework.web.filter.OncePerRequestFilter.doFilter(OncePerRequestFilter.java:116) ~[spring-web-6.2.18.jar:6.2.18]
	at org.apache.catalina.core.ApplicationFilterChain.internalDoFilter(ApplicationFilterChain.java:162) ~[tomcat-embed-core-10.1.54.jar:10.1.54]
	at org.apache.catalina.core.ApplicationFilterChain.doFilter(ApplicationFilterChain.java:138) ~[tomcat-embed-core-10.1.54.jar:10.1.54]
	at org.springframework.web.filter.FormContentFilter.doFilterInternal(FormContentFilter.java:93) ~[spring-web-6.2.18.jar:6.2.18]
	at org.springframework.web.filter.OncePerRequestFilter.doFilter(OncePerRequestFilter.java:116) ~[spring-web-6.2.18.jar:6.2.18]
	at org.apache.catalina.core.ApplicationFilterChain.internalDoFilter(ApplicationFilterChain.java:162) ~[tomcat-embed-core-10.1.54.jar:10.1.54]
	at org.apache.catalina.core.ApplicationFilterChain.doFilter(ApplicationFilterChain.java:138) ~[tomcat-embed-core-10.1.54.jar:10.1.54]
	at org.springframework.web.filter.CharacterEncodingFilter.doFilterInternal(CharacterEncodingFilter.java:201) ~[spring-web-6.2.18.jar:6.2.18]
	at org.springframework.web.filter.OncePerRequestFilter.doFilter(OncePerRequestFilter.java:116) ~[spring-web-6.2.18.jar:6.2.18]
	at org.apache.catalina.core.ApplicationFilterChain.internalDoFilter(ApplicationFilterChain.java:162) ~[tomcat-embed-core-10.1.54.jar:10.1.54]
	at org.apache.catalina.core.ApplicationFilterChain.doFilter(ApplicationFilterChain.java:138) ~[tomcat-embed-core-10.1.54.jar:10.1.54]
	at org.apache.catalina.core.StandardWrapperValve.invoke(StandardWrapperValve.java:165) ~[tomcat-embed-core-10.1.54.jar:10.1.54]
	at org.apache.catalina.core.StandardContextValve.invoke(StandardContextValve.java:88) ~[tomcat-embed-core-10.1.54.jar:10.1.54]
	at org.apache.catalina.authenticator.AuthenticatorBase.invoke(AuthenticatorBase.java:492) ~[tomcat-embed-core-10.1.54.jar:10.1.54]
	at org.apache.catalina.core.StandardHostValve.invoke(StandardHostValve.java:113) ~[tomcat-embed-core-10.1.54.jar:10.1.54]
	at org.apache.catalina.valves.ErrorReportValve.invoke(ErrorReportValve.java:83) ~[tomcat-embed-core-10.1.54.jar:10.1.54]
	at org.apache.catalina.core.StandardEngineValve.invoke(StandardEngineValve.java:72) ~[tomcat-embed-core-10.1.54.jar:10.1.54]
	at org.apache.catalina.connector.CoyoteAdapter.service(CoyoteAdapter.java:342) ~[tomcat-embed-core-10.1.54.jar:10.1.54]
	at org.apache.coyote.http11.Http11Processor.service(Http11Processor.java:399) ~[tomcat-embed-core-10.1.54.jar:10.1.54]
	at org.apache.coyote.AbstractProcessorLight.process(AbstractProcessorLight.java:63) ~[tomcat-embed-core-10.1.54.jar:10.1.54]
	at org.apache.coyote.AbstractProtocol$ConnectionHandler.process(AbstractProtocol.java:903) ~[tomcat-embed-core-10.1.54.jar:10.1.54]
	at org.apache.tomcat.util.net.NioEndpoint$SocketProcessor.doRun(NioEndpoint.java:1797) ~[tomcat-embed-core-10.1.54.jar:10.1.54]
	at org.apache.tomcat.util.net.SocketProcessorBase.run(SocketProcessorBase.java:52) ~[tomcat-embed-core-10.1.54.jar:10.1.54]
	at org.apache.tomcat.util.threads.ThreadPoolExecutor.runWorker(ThreadPoolExecutor.java:973) ~[tomcat-embed-core-10.1.54.jar:10.1.54]
	at org.apache.tomcat.util.threads.ThreadPoolExecutor$Worker.run(ThreadPoolExecutor.java:491) ~[tomcat-embed-core-10.1.54.jar:10.1.54]
	at org.apache.tomcat.util.threads.TaskThread$WrappingRunnable.run(TaskThread.java:63) ~[tomcat-embed-core-10.1.54.jar:10.1.54]
	at java.base/java.lang.Thread.run(Thread.java:1474) ~[na:na]

2026-06-17T01:49:02.937+05:30  INFO 18132 --- [food-delivery-system] [scheduling-3] c.b.f.service.OrderSchedulerService      : [SCHEDULER] Checking for unpaid orders...
2026-06-17T01:49:02.941+05:30  INFO 18132 --- [food-delivery-system] [scheduling-3] c.b.f.service.OrderSchedulerService      : [SCHEDULER] No unpaid orders found.
2026-06-17T01:50:02.941+05:30  INFO 18132 --- [food-delivery-system] [scheduling-3] c.b.f.service.OrderSchedulerService      : [SCHEDULER] Checking for unpaid orders...
2026-06-17T01:50:02.941+05:30  INFO 18132 --- [food-delivery-system] [scheduling-3] c.b.f.service.OrderSchedulerService      : [SCHEDULER] No unpaid orders found.
2026-06-17T01:51:02.933+05:30  INFO 18132 --- [food-delivery-system] [scheduling-3] c.b.f.service.OrderSchedulerService      : [SCHEDULER] Checking for unpaid orders...
2026-06-17T01:51:02.939+05:30  INFO 18132 --- [food-delivery-system] [scheduling-3] c.b.f.service.OrderSchedulerService      : [SCHEDULER] No unpaid orders found.
2026-06-17T01:52:02.931+05:30  INFO 18132 --- [food-delivery-system] [scheduling-3] c.b.f.service.OrderSchedulerService      : [SCHEDULER] Checking for unpaid orders...
2026-06-17T01:52:02.934+05:30  INFO 18132 --- [food-delivery-system] [scheduling-3] c.b.f.service.OrderSchedulerService      : [SCHEDULER] No unpaid orders found.
2026-06-17T01:52:05.435+05:30  INFO 18132 --- [food-delivery-system] [org.springframework.amqp.rabbit.RabbitListenerEndpointContainer#0-2] o.s.a.r.l.SimpleMessageListenerContainer : Waiting for workers to finish.
2026-06-17T01:52:05.854+05:30  INFO 18132 --- [food-delivery-system] [org.springframework.amqp.rabbit.RabbitListenerEndpointContainer#0-2] o.s.a.r.l.SimpleMessageListenerContainer : Successfully waited for workers to finish.
2026-06-17T01:52:05.856+05:30  INFO 18132 --- [food-delivery-system] [SpringApplicationShutdownHook] o.s.b.w.e.tomcat.GracefulShutdown        : Commencing graceful shutdown. Waiting for active requests to complete
2026-06-17T01:52:05.865+05:30  INFO 18132 --- [food-delivery-system] [tomcat-shutdown] o.s.b.w.e.tomcat.GracefulShutdown        : Graceful shutdown complete
2026-06-17T01:52:05.999+05:30  INFO 18132 --- [food-delivery-system] [SpringApplicationShutdownHook] j.LocalContainerEntityManagerFactoryBean : Closing JPA EntityManagerFactory for persistence unit 'default'
2026-06-17T01:52:06.003+05:30  INFO 18132 --- [food-delivery-system] [SpringApplicationShutdownHook] com.zaxxer.hikari.HikariDataSource       : HikariPool-1 - Shutdown initiated...
2026-06-17T01:52:06.011+05:30  INFO 18132 --- [food-delivery-system] [SpringApplicationShutdownHook] com.zaxxer.hikari.HikariDataSource       : HikariPool-1 - Shutdown completed.
2026-06-17T01:52:12.612+05:30  INFO 19112 --- [food-delivery-system] [restartedMain] c.b.f.FoodDeliverySystemApplication      : Starting FoodDeliverySystemApplication using Java 25.0.1 with PID 19112 (C:\Users\gpbal\Downloads\food-delivery-system\food-delivery-system\target\classes started by gpbal in C:\Users\gpbal\Downloads\food-delivery-system)
2026-06-17T01:52:12.616+05:30 DEBUG 19112 --- [food-delivery-system] [restartedMain] c.b.f.FoodDeliverySystemApplication      : Running with Spring Boot v3.5.14, Spring v6.2.18
2026-06-17T01:52:12.617+05:30  INFO 19112 --- [food-delivery-system] [restartedMain] c.b.f.FoodDeliverySystemApplication      : No active profile set, falling back to 1 default profile: "default"
2026-06-17T01:52:12.726+05:30  INFO 19112 --- [food-delivery-system] [restartedMain] .e.DevToolsPropertyDefaultsPostProcessor : Devtools property defaults active! Set 'spring.devtools.add-properties' to 'false' to disable
2026-06-17T01:52:12.726+05:30  INFO 19112 --- [food-delivery-system] [restartedMain] .e.DevToolsPropertyDefaultsPostProcessor : For additional web related logging consider setting the 'logging.level.web' property to 'DEBUG'
2026-06-17T01:52:15.145+05:30  INFO 19112 --- [food-delivery-system] [restartedMain] .s.d.r.c.RepositoryConfigurationDelegate : Multiple Spring Data modules found, entering strict repository configuration mode
2026-06-17T01:52:15.147+05:30  INFO 19112 --- [food-delivery-system] [restartedMain] .s.d.r.c.RepositoryConfigurationDelegate : Bootstrapping Spring Data JPA repositories in DEFAULT mode.
2026-06-17T01:52:15.349+05:30  INFO 19112 --- [food-delivery-system] [restartedMain] .s.d.r.c.RepositoryConfigurationDelegate : Finished Spring Data repository scanning in 191 ms. Found 9 JPA repository interfaces.
2026-06-17T01:52:15.375+05:30  INFO 19112 --- [food-delivery-system] [restartedMain] .s.d.r.c.RepositoryConfigurationDelegate : Multiple Spring Data modules found, entering strict repository configuration mode
2026-06-17T01:52:15.377+05:30  INFO 19112 --- [food-delivery-system] [restartedMain] .s.d.r.c.RepositoryConfigurationDelegate : Bootstrapping Spring Data Redis repositories in DEFAULT mode.
2026-06-17T01:52:15.402+05:30  INFO 19112 --- [food-delivery-system] [restartedMain] .RepositoryConfigurationExtensionSupport : Spring Data Redis - Could not safely identify store assignment for repository candidate interface com.balu.food_delivery_system.repository.CartItemRepository; If you want this repository to be a Redis repository, consider annotating your entities with one of these annotations: org.springframework.data.redis.core.RedisHash (preferred), or consider extending one of the following types with your repository: org.springframework.data.keyvalue.repository.KeyValueRepository
2026-06-17T01:52:15.402+05:30  INFO 19112 --- [food-delivery-system] [restartedMain] .RepositoryConfigurationExtensionSupport : Spring Data Redis - Could not safely identify store assignment for repository candidate interface com.balu.food_delivery_system.repository.CartRepository; If you want this repository to be a Redis repository, consider annotating your entities with one of these annotations: org.springframework.data.redis.core.RedisHash (preferred), or consider extending one of the following types with your repository: org.springframework.data.keyvalue.repository.KeyValueRepository
2026-06-17T01:52:15.403+05:30  INFO 19112 --- [food-delivery-system] [restartedMain] .RepositoryConfigurationExtensionSupport : Spring Data Redis - Could not safely identify store assignment for repository candidate interface com.balu.food_delivery_system.repository.MenuCategoryRepository; If you want this repository to be a Redis repository, consider annotating your entities with one of these annotations: org.springframework.data.redis.core.RedisHash (preferred), or consider extending one of the following types with your repository: org.springframework.data.keyvalue.repository.KeyValueRepository
2026-06-17T01:52:15.403+05:30  INFO 19112 --- [food-delivery-system] [restartedMain] .RepositoryConfigurationExtensionSupport : Spring Data Redis - Could not safely identify store assignment for repository candidate interface com.balu.food_delivery_system.repository.MenuItemRepository; If you want this repository to be a Redis repository, consider annotating your entities with one of these annotations: org.springframework.data.redis.core.RedisHash (preferred), or consider extending one of the following types with your repository: org.springframework.data.keyvalue.repository.KeyValueRepository
2026-06-17T01:52:15.403+05:30  INFO 19112 --- [food-delivery-system] [restartedMain] .RepositoryConfigurationExtensionSupport : Spring Data Redis - Could not safely identify store assignment for repository candidate interface com.balu.food_delivery_system.repository.OrderItemRepository; If you want this repository to be a Redis repository, consider annotating your entities with one of these annotations: org.springframework.data.redis.core.RedisHash (preferred), or consider extending one of the following types with your repository: org.springframework.data.keyvalue.repository.KeyValueRepository
2026-06-17T01:52:15.403+05:30  INFO 19112 --- [food-delivery-system] [restartedMain] .RepositoryConfigurationExtensionSupport : Spring Data Redis - Could not safely identify store assignment for repository candidate interface com.balu.food_delivery_system.repository.OrderRepository; If you want this repository to be a Redis repository, consider annotating your entities with one of these annotations: org.springframework.data.redis.core.RedisHash (preferred), or consider extending one of the following types with your repository: org.springframework.data.keyvalue.repository.KeyValueRepository
2026-06-17T01:52:15.404+05:30  INFO 19112 --- [food-delivery-system] [restartedMain] .RepositoryConfigurationExtensionSupport : Spring Data Redis - Could not safely identify store assignment for repository candidate interface com.balu.food_delivery_system.repository.RefreshTokenRepository; If you want this repository to be a Redis repository, consider annotating your entities with one of these annotations: org.springframework.data.redis.core.RedisHash (preferred), or consider extending one of the following types with your repository: org.springframework.data.keyvalue.repository.KeyValueRepository
2026-06-17T01:52:15.404+05:30  INFO 19112 --- [food-delivery-system] [restartedMain] .RepositoryConfigurationExtensionSupport : Spring Data Redis - Could not safely identify store assignment for repository candidate interface com.balu.food_delivery_system.repository.RestaurantRepository; If you want this repository to be a Redis repository, consider annotating your entities with one of these annotations: org.springframework.data.redis.core.RedisHash (preferred), or consider extending one of the following types with your repository: org.springframework.data.keyvalue.repository.KeyValueRepository
2026-06-17T01:52:15.405+05:30  INFO 19112 --- [food-delivery-system] [restartedMain] .RepositoryConfigurationExtensionSupport : Spring Data Redis - Could not safely identify store assignment for repository candidate interface com.balu.food_delivery_system.repository.UserRepository; If you want this repository to be a Redis repository, consider annotating your entities with one of these annotations: org.springframework.data.redis.core.RedisHash (preferred), or consider extending one of the following types with your repository: org.springframework.data.keyvalue.repository.KeyValueRepository
2026-06-17T01:52:15.405+05:30  INFO 19112 --- [food-delivery-system] [restartedMain] .s.d.r.c.RepositoryConfigurationDelegate : Finished Spring Data repository scanning in 11 ms. Found 0 Redis repository interfaces.
2026-06-17T01:52:16.412+05:30  INFO 19112 --- [food-delivery-system] [restartedMain] o.s.b.w.embedded.tomcat.TomcatWebServer  : Tomcat initialized with port 8080 (http)
2026-06-17T01:52:16.430+05:30  INFO 19112 --- [food-delivery-system] [restartedMain] o.apache.catalina.core.StandardService   : Starting service [Tomcat]
2026-06-17T01:52:16.430+05:30  INFO 19112 --- [food-delivery-system] [restartedMain] o.apache.catalina.core.StandardEngine    : Starting Servlet engine: [Apache Tomcat/10.1.54]
2026-06-17T01:52:16.504+05:30  INFO 19112 --- [food-delivery-system] [restartedMain] o.a.c.c.C.[Tomcat].[localhost].[/]       : Initializing Spring embedded WebApplicationContext
2026-06-17T01:52:16.504+05:30  INFO 19112 --- [food-delivery-system] [restartedMain] w.s.c.ServletWebServerApplicationContext : Root WebApplicationContext: initialization completed in 3777 ms
2026-06-17T01:52:16.963+05:30  INFO 19112 --- [food-delivery-system] [restartedMain] o.hibernate.jpa.internal.util.LogHelper  : HHH000204: Processing PersistenceUnitInfo [name: default]
2026-06-17T01:52:17.042+05:30  INFO 19112 --- [food-delivery-system] [restartedMain] org.hibernate.Version                    : HHH000412: Hibernate ORM core version 6.6.49.Final
2026-06-17T01:52:17.087+05:30  INFO 19112 --- [food-delivery-system] [restartedMain] o.h.c.internal.RegionFactoryInitiator    : HHH000026: Second-level cache disabled
2026-06-17T01:52:17.421+05:30  INFO 19112 --- [food-delivery-system] [restartedMain] o.s.o.j.p.SpringPersistenceUnitInfo      : No LoadTimeWeaver setup: ignoring JPA class transformer
2026-06-17T01:52:17.461+05:30  INFO 19112 --- [food-delivery-system] [restartedMain] com.zaxxer.hikari.HikariDataSource       : HikariPool-1 - Starting...
2026-06-17T01:52:17.983+05:30  INFO 19112 --- [food-delivery-system] [restartedMain] com.zaxxer.hikari.pool.HikariPool        : HikariPool-1 - Added connection com.mysql.cj.jdbc.ConnectionImpl@2f53c3ca
2026-06-17T01:52:17.984+05:30  INFO 19112 --- [food-delivery-system] [restartedMain] com.zaxxer.hikari.HikariDataSource       : HikariPool-1 - Start completed.
2026-06-17T01:52:18.093+05:30  WARN 19112 --- [food-delivery-system] [restartedMain] org.hibernate.orm.deprecation            : HHH90000025: MySQLDialect does not need to be specified explicitly using 'hibernate.dialect' (remove the property setting and it will be selected by default)
2026-06-17T01:52:18.114+05:30  INFO 19112 --- [food-delivery-system] [restartedMain] org.hibernate.orm.connections.pooling    : HHH10001005: Database info:
	Database JDBC URL [Connecting through datasource 'HikariDataSource (HikariPool-1)']
	Database driver: undefined/unknown
	Database version: 9.6
	Autocommit mode: undefined/unknown
	Isolation level: undefined/unknown
	Minimum pool size: undefined/unknown
	Maximum pool size: undefined/unknown
2026-06-17T01:52:19.418+05:30  INFO 19112 --- [food-delivery-system] [restartedMain] o.h.e.t.j.p.i.JtaPlatformInitiator       : HHH000489: No JTA platform available (set 'hibernate.transaction.jta.platform' to enable JTA platform integration)
2026-06-17T01:52:19.898+05:30  INFO 19112 --- [food-delivery-system] [restartedMain] j.LocalContainerEntityManagerFactoryBean : Initialized JPA EntityManagerFactory for persistence unit 'default'
2026-06-17T01:52:20.267+05:30 DEBUG 19112 --- [food-delivery-system] [restartedMain] c.b.f.security.JwtFilter                 : Filter 'jwtFilter' configured for use
2026-06-17T01:52:21.298+05:30  INFO 19112 --- [food-delivery-system] [restartedMain] o.s.d.j.r.query.QueryEnhancerFactory     : Hibernate is in classpath; If applicable, HQL parser will be used.
2026-06-17T01:52:22.246+05:30  WARN 19112 --- [food-delivery-system] [restartedMain] JpaBaseConfiguration$JpaWebConfiguration : spring.jpa.open-in-view is enabled by default. Therefore, database queries may be performed during view rendering. Explicitly configure spring.jpa.open-in-view to disable this warning
2026-06-17T01:52:22.303+05:30  INFO 19112 --- [food-delivery-system] [restartedMain] eAuthenticationProviderManagerConfigurer : Global AuthenticationManager configured with AuthenticationProvider bean with name authenticationProvider
2026-06-17T01:52:22.303+05:30  WARN 19112 --- [food-delivery-system] [restartedMain] r$InitializeUserDetailsManagerConfigurer : Global AuthenticationManager configured with an AuthenticationProvider bean. UserDetailsService beans will not be used by Spring Security for automatically configuring username/password login. Consider removing the AuthenticationProvider bean. Alternatively, consider using the UserDetailsService in a manually instantiated DaoAuthenticationProvider. If the current configuration is intentional, to turn off this warning, increase the logging level of 'org.springframework.security.config.annotation.authentication.configuration.InitializeUserDetailsBeanManagerConfigurer' to ERROR
2026-06-17T01:52:23.348+05:30  INFO 19112 --- [food-delivery-system] [restartedMain] o.s.b.d.a.OptionalLiveReloadServer       : LiveReload server is running on port 35729
2026-06-17T01:52:23.416+05:30  INFO 19112 --- [food-delivery-system] [restartedMain] o.a.k.clients.admin.AdminClientConfig    : AdminClientConfig values: 
	auto.include.jmx.reporter = true
	bootstrap.controllers = []
	bootstrap.servers = [localhost:9092]
	client.dns.lookup = use_all_dns_ips
	client.id = food-delivery-system-admin-0
	connections.max.idle.ms = 300000
	default.api.timeout.ms = 60000
	enable.metrics.push = true
	metadata.max.age.ms = 300000
	metadata.recovery.strategy = none
	metric.reporters = []
	metrics.num.samples = 2
	metrics.recording.level = INFO
	metrics.sample.window.ms = 30000
	receive.buffer.bytes = 65536
	reconnect.backoff.max.ms = 1000
	reconnect.backoff.ms = 50
	request.timeout.ms = 30000
	retries = 2147483647
	retry.backoff.max.ms = 1000
	retry.backoff.ms = 100
	sasl.client.callback.handler.class = null
	sasl.jaas.config = null
	sasl.kerberos.kinit.cmd = /usr/bin/kinit
	sasl.kerberos.min.time.before.relogin = 60000
	sasl.kerberos.service.name = null
	sasl.kerberos.ticket.renew.jitter = 0.05
	sasl.kerberos.ticket.renew.window.factor = 0.8
	sasl.login.callback.handler.class = null
	sasl.login.class = null
	sasl.login.connect.timeout.ms = null
	sasl.login.read.timeout.ms = null
	sasl.login.refresh.buffer.seconds = 300
	sasl.login.refresh.min.period.seconds = 60
	sasl.login.refresh.window.factor = 0.8
	sasl.login.refresh.window.jitter = 0.05
	sasl.login.retry.backoff.max.ms = 10000
	sasl.login.retry.backoff.ms = 100
	sasl.mechanism = GSSAPI
	sasl.oauthbearer.clock.skew.seconds = 30
	sasl.oauthbearer.expected.audience = null
	sasl.oauthbearer.expected.issuer = null
	sasl.oauthbearer.header.urlencode = false
	sasl.oauthbearer.jwks.endpoint.refresh.ms = 3600000
	sasl.oauthbearer.jwks.endpoint.retry.backoff.max.ms = 10000
	sasl.oauthbearer.jwks.endpoint.retry.backoff.ms = 100
	sasl.oauthbearer.jwks.endpoint.url = null
	sasl.oauthbearer.scope.claim.name = scope
	sasl.oauthbearer.sub.claim.name = sub
	sasl.oauthbearer.token.endpoint.url = null
	security.protocol = PLAINTEXT
	security.providers = null
	send.buffer.bytes = 131072
	socket.connection.setup.timeout.max.ms = 30000
	socket.connection.setup.timeout.ms = 10000
	ssl.cipher.suites = null
	ssl.enabled.protocols = [TLSv1.2, TLSv1.3]
	ssl.endpoint.identification.algorithm = https
	ssl.engine.factory.class = null
	ssl.key.password = null
	ssl.keymanager.algorithm = SunX509
	ssl.keystore.certificate.chain = null
	ssl.keystore.key = null
	ssl.keystore.location = null
	ssl.keystore.password = null
	ssl.keystore.type = JKS
	ssl.protocol = TLSv1.3
	ssl.provider = null
	ssl.secure.random.implementation = null
	ssl.trustmanager.algorithm = PKIX
	ssl.truststore.certificates = null
	ssl.truststore.location = null
	ssl.truststore.password = null
	ssl.truststore.type = JKS

2026-06-17T01:52:23.605+05:30  INFO 19112 --- [food-delivery-system] [restartedMain] o.a.kafka.common.utils.AppInfoParser     : Kafka version: 3.9.2
2026-06-17T01:52:23.606+05:30  INFO 19112 --- [food-delivery-system] [restartedMain] o.a.kafka.common.utils.AppInfoParser     : Kafka commitId: 5e9866f43ab8e7e4
2026-06-17T01:52:23.606+05:30  INFO 19112 --- [food-delivery-system] [restartedMain] o.a.kafka.common.utils.AppInfoParser     : Kafka startTimeMs: 1781641343604
2026-06-17T01:52:24.586+05:30  INFO 19112 --- [food-delivery-system] [kafka-admin-client-thread | food-delivery-system-admin-0] o.a.kafka.common.utils.AppInfoParser     : App info kafka.admin.client for food-delivery-system-admin-0 unregistered
2026-06-17T01:52:24.592+05:30  INFO 19112 --- [food-delivery-system] [kafka-admin-client-thread | food-delivery-system-admin-0] o.apache.kafka.common.metrics.Metrics    : Metrics scheduler closed
2026-06-17T01:52:24.593+05:30  INFO 19112 --- [food-delivery-system] [kafka-admin-client-thread | food-delivery-system-admin-0] o.apache.kafka.common.metrics.Metrics    : Closing reporter org.apache.kafka.common.metrics.JmxReporter
2026-06-17T01:52:24.593+05:30  INFO 19112 --- [food-delivery-system] [kafka-admin-client-thread | food-delivery-system-admin-0] o.apache.kafka.common.metrics.Metrics    : Metrics reporters closed
2026-06-17T01:52:24.617+05:30  INFO 19112 --- [food-delivery-system] [restartedMain] o.s.b.w.embedded.tomcat.TomcatWebServer  : Tomcat started on port 8080 (http) with context path '/'
2026-06-17T01:52:24.621+05:30  INFO 19112 --- [food-delivery-system] [restartedMain] o.s.a.r.c.CachingConnectionFactory       : Attempting to connect to: [localhost:5672]
2026-06-17T01:52:24.724+05:30  INFO 19112 --- [food-delivery-system] [restartedMain] o.s.a.r.c.CachingConnectionFactory       : Created new connection: rabbitConnectionFactory#5044e3e3:0/SimpleConnection@4a29bb41 [delegate=amqp://guest@127.0.0.1:5672/, localPort=49722]
2026-06-17T01:52:24.874+05:30  INFO 19112 --- [food-delivery-system] [restartedMain] c.b.f.FoodDeliverySystemApplication      : Started FoodDeliverySystemApplication in 13.059 seconds (process running for 13.771)
2026-06-17T01:52:24.879+05:30  INFO 19112 --- [food-delivery-system] [scheduling-1] c.b.f.service.OrderSchedulerService      : [SCHEDULER] Checking for unpaid orders...
2026-06-17T01:52:25.069+05:30  INFO 19112 --- [food-delivery-system] [scheduling-1] c.b.f.service.OrderSchedulerService      : [SCHEDULER] No unpaid orders found.
2026-06-17T01:52:30.089+05:30  INFO 19112 --- [food-delivery-system] [org.springframework.amqp.rabbit.RabbitListenerEndpointContainer#0-2] o.s.a.r.l.SimpleMessageListenerContainer : Waiting for workers to finish.
2026-06-17T01:52:30.866+05:30  INFO 19112 --- [food-delivery-system] [org.springframework.amqp.rabbit.RabbitListenerEndpointContainer#0-2] o.s.a.r.l.SimpleMessageListenerContainer : Successfully waited for workers to finish.
2026-06-17T01:52:30.868+05:30  INFO 19112 --- [food-delivery-system] [SpringApplicationShutdownHook] o.s.b.w.e.tomcat.GracefulShutdown        : Commencing graceful shutdown. Waiting for active requests to complete
2026-06-17T01:52:30.874+05:30  INFO 19112 --- [food-delivery-system] [tomcat-shutdown] o.s.b.w.e.tomcat.GracefulShutdown        : Graceful shutdown complete
2026-06-17T01:52:31.002+05:30  INFO 19112 --- [food-delivery-system] [SpringApplicationShutdownHook] j.LocalContainerEntityManagerFactoryBean : Closing JPA EntityManagerFactory for persistence unit 'default'
2026-06-17T01:52:31.006+05:30  INFO 19112 --- [food-delivery-system] [SpringApplicationShutdownHook] com.zaxxer.hikari.HikariDataSource       : HikariPool-1 - Shutdown initiated...
2026-06-17T01:52:31.013+05:30  INFO 19112 --- [food-delivery-system] [SpringApplicationShutdownHook] com.zaxxer.hikari.HikariDataSource       : HikariPool-1 - Shutdown completed.
2026-06-17T01:52:38.862+05:30  INFO 1796 --- [food-delivery-system] [restartedMain] c.b.f.FoodDeliverySystemApplication      : Starting FoodDeliverySystemApplication using Java 25.0.1 with PID 1796 (C:\Users\gpbal\Downloads\food-delivery-system\food-delivery-system\target\classes started by gpbal in C:\Users\gpbal\Downloads\food-delivery-system)
2026-06-17T01:52:38.865+05:30 DEBUG 1796 --- [food-delivery-system] [restartedMain] c.b.f.FoodDeliverySystemApplication      : Running with Spring Boot v3.5.14, Spring v6.2.18
2026-06-17T01:52:38.866+05:30  INFO 1796 --- [food-delivery-system] [restartedMain] c.b.f.FoodDeliverySystemApplication      : No active profile set, falling back to 1 default profile: "default"
2026-06-17T01:52:38.930+05:30  INFO 1796 --- [food-delivery-system] [restartedMain] .e.DevToolsPropertyDefaultsPostProcessor : Devtools property defaults active! Set 'spring.devtools.add-properties' to 'false' to disable
2026-06-17T01:52:38.931+05:30  INFO 1796 --- [food-delivery-system] [restartedMain] .e.DevToolsPropertyDefaultsPostProcessor : For additional web related logging consider setting the 'logging.level.web' property to 'DEBUG'
2026-06-17T01:52:41.507+05:30  INFO 1796 --- [food-delivery-system] [restartedMain] .s.d.r.c.RepositoryConfigurationDelegate : Multiple Spring Data modules found, entering strict repository configuration mode
2026-06-17T01:52:41.523+05:30  INFO 1796 --- [food-delivery-system] [restartedMain] .s.d.r.c.RepositoryConfigurationDelegate : Bootstrapping Spring Data JPA repositories in DEFAULT mode.
2026-06-17T01:52:41.705+05:30  INFO 1796 --- [food-delivery-system] [restartedMain] .s.d.r.c.RepositoryConfigurationDelegate : Finished Spring Data repository scanning in 174 ms. Found 9 JPA repository interfaces.
2026-06-17T01:52:41.724+05:30  INFO 1796 --- [food-delivery-system] [restartedMain] .s.d.r.c.RepositoryConfigurationDelegate : Multiple Spring Data modules found, entering strict repository configuration mode
2026-06-17T01:52:41.726+05:30  INFO 1796 --- [food-delivery-system] [restartedMain] .s.d.r.c.RepositoryConfigurationDelegate : Bootstrapping Spring Data Redis repositories in DEFAULT mode.
2026-06-17T01:52:41.754+05:30  INFO 1796 --- [food-delivery-system] [restartedMain] .RepositoryConfigurationExtensionSupport : Spring Data Redis - Could not safely identify store assignment for repository candidate interface com.balu.food_delivery_system.repository.CartItemRepository; If you want this repository to be a Redis repository, consider annotating your entities with one of these annotations: org.springframework.data.redis.core.RedisHash (preferred), or consider extending one of the following types with your repository: org.springframework.data.keyvalue.repository.KeyValueRepository
2026-06-17T01:52:41.756+05:30  INFO 1796 --- [food-delivery-system] [restartedMain] .RepositoryConfigurationExtensionSupport : Spring Data Redis - Could not safely identify store assignment for repository candidate interface com.balu.food_delivery_system.repository.CartRepository; If you want this repository to be a Redis repository, consider annotating your entities with one of these annotations: org.springframework.data.redis.core.RedisHash (preferred), or consider extending one of the following types with your repository: org.springframework.data.keyvalue.repository.KeyValueRepository
2026-06-17T01:52:41.756+05:30  INFO 1796 --- [food-delivery-system] [restartedMain] .RepositoryConfigurationExtensionSupport : Spring Data Redis - Could not safely identify store assignment for repository candidate interface com.balu.food_delivery_system.repository.MenuCategoryRepository; If you want this repository to be a Redis repository, consider annotating your entities with one of these annotations: org.springframework.data.redis.core.RedisHash (preferred), or consider extending one of the following types with your repository: org.springframework.data.keyvalue.repository.KeyValueRepository
2026-06-17T01:52:41.756+05:30  INFO 1796 --- [food-delivery-system] [restartedMain] .RepositoryConfigurationExtensionSupport : Spring Data Redis - Could not safely identify store assignment for repository candidate interface com.balu.food_delivery_system.repository.MenuItemRepository; If you want this repository to be a Redis repository, consider annotating your entities with one of these annotations: org.springframework.data.redis.core.RedisHash (preferred), or consider extending one of the following types with your repository: org.springframework.data.keyvalue.repository.KeyValueRepository
2026-06-17T01:52:41.756+05:30  INFO 1796 --- [food-delivery-system] [restartedMain] .RepositoryConfigurationExtensionSupport : Spring Data Redis - Could not safely identify store assignment for repository candidate interface com.balu.food_delivery_system.repository.OrderItemRepository; If you want this repository to be a Redis repository, consider annotating your entities with one of these annotations: org.springframework.data.redis.core.RedisHash (preferred), or consider extending one of the following types with your repository: org.springframework.data.keyvalue.repository.KeyValueRepository
2026-06-17T01:52:41.756+05:30  INFO 1796 --- [food-delivery-system] [restartedMain] .RepositoryConfigurationExtensionSupport : Spring Data Redis - Could not safely identify store assignment for repository candidate interface com.balu.food_delivery_system.repository.OrderRepository; If you want this repository to be a Redis repository, consider annotating your entities with one of these annotations: org.springframework.data.redis.core.RedisHash (preferred), or consider extending one of the following types with your repository: org.springframework.data.keyvalue.repository.KeyValueRepository
2026-06-17T01:52:41.758+05:30  INFO 1796 --- [food-delivery-system] [restartedMain] .RepositoryConfigurationExtensionSupport : Spring Data Redis - Could not safely identify store assignment for repository candidate interface com.balu.food_delivery_system.repository.RefreshTokenRepository; If you want this repository to be a Redis repository, consider annotating your entities with one of these annotations: org.springframework.data.redis.core.RedisHash (preferred), or consider extending one of the following types with your repository: org.springframework.data.keyvalue.repository.KeyValueRepository
2026-06-17T01:52:41.758+05:30  INFO 1796 --- [food-delivery-system] [restartedMain] .RepositoryConfigurationExtensionSupport : Spring Data Redis - Could not safely identify store assignment for repository candidate interface com.balu.food_delivery_system.repository.RestaurantRepository; If you want this repository to be a Redis repository, consider annotating your entities with one of these annotations: org.springframework.data.redis.core.RedisHash (preferred), or consider extending one of the following types with your repository: org.springframework.data.keyvalue.repository.KeyValueRepository
2026-06-17T01:52:41.758+05:30  INFO 1796 --- [food-delivery-system] [restartedMain] .RepositoryConfigurationExtensionSupport : Spring Data Redis - Could not safely identify store assignment for repository candidate interface com.balu.food_delivery_system.repository.UserRepository; If you want this repository to be a Redis repository, consider annotating your entities with one of these annotations: org.springframework.data.redis.core.RedisHash (preferred), or consider extending one of the following types with your repository: org.springframework.data.keyvalue.repository.KeyValueRepository
2026-06-17T01:52:41.760+05:30  INFO 1796 --- [food-delivery-system] [restartedMain] .s.d.r.c.RepositoryConfigurationDelegate : Finished Spring Data repository scanning in 17 ms. Found 0 Redis repository interfaces.
2026-06-17T01:52:42.817+05:30  INFO 1796 --- [food-delivery-system] [restartedMain] o.s.b.w.embedded.tomcat.TomcatWebServer  : Tomcat initialized with port 8080 (http)
2026-06-17T01:52:42.834+05:30  INFO 1796 --- [food-delivery-system] [restartedMain] o.apache.catalina.core.StandardService   : Starting service [Tomcat]
2026-06-17T01:52:42.834+05:30  INFO 1796 --- [food-delivery-system] [restartedMain] o.apache.catalina.core.StandardEngine    : Starting Servlet engine: [Apache Tomcat/10.1.54]
2026-06-17T01:52:42.915+05:30  INFO 1796 --- [food-delivery-system] [restartedMain] o.a.c.c.C.[Tomcat].[localhost].[/]       : Initializing Spring embedded WebApplicationContext
2026-06-17T01:52:42.915+05:30  INFO 1796 --- [food-delivery-system] [restartedMain] w.s.c.ServletWebServerApplicationContext : Root WebApplicationContext: initialization completed in 3983 ms
2026-06-17T01:52:43.412+05:30  INFO 1796 --- [food-delivery-system] [restartedMain] o.hibernate.jpa.internal.util.LogHelper  : HHH000204: Processing PersistenceUnitInfo [name: default]
2026-06-17T01:52:43.475+05:30  INFO 1796 --- [food-delivery-system] [restartedMain] org.hibernate.Version                    : HHH000412: Hibernate ORM core version 6.6.49.Final
2026-06-17T01:52:43.528+05:30  INFO 1796 --- [food-delivery-system] [restartedMain] o.h.c.internal.RegionFactoryInitiator    : HHH000026: Second-level cache disabled
2026-06-17T01:52:43.884+05:30  INFO 1796 --- [food-delivery-system] [restartedMain] o.s.o.j.p.SpringPersistenceUnitInfo      : No LoadTimeWeaver setup: ignoring JPA class transformer
2026-06-17T01:52:43.922+05:30  INFO 1796 --- [food-delivery-system] [restartedMain] com.zaxxer.hikari.HikariDataSource       : HikariPool-1 - Starting...
2026-06-17T01:52:44.644+05:30  INFO 1796 --- [food-delivery-system] [restartedMain] com.zaxxer.hikari.pool.HikariPool        : HikariPool-1 - Added connection com.mysql.cj.jdbc.ConnectionImpl@4a243e85
2026-06-17T01:52:44.646+05:30  INFO 1796 --- [food-delivery-system] [restartedMain] com.zaxxer.hikari.HikariDataSource       : HikariPool-1 - Start completed.
2026-06-17T01:52:44.749+05:30  WARN 1796 --- [food-delivery-system] [restartedMain] org.hibernate.orm.deprecation            : HHH90000025: MySQLDialect does not need to be specified explicitly using 'hibernate.dialect' (remove the property setting and it will be selected by default)
2026-06-17T01:52:44.766+05:30  INFO 1796 --- [food-delivery-system] [restartedMain] org.hibernate.orm.connections.pooling    : HHH10001005: Database info:
	Database JDBC URL [Connecting through datasource 'HikariDataSource (HikariPool-1)']
	Database driver: undefined/unknown
	Database version: 9.6
	Autocommit mode: undefined/unknown
	Isolation level: undefined/unknown
	Minimum pool size: undefined/unknown
	Maximum pool size: undefined/unknown
2026-06-17T01:52:46.191+05:30  INFO 1796 --- [food-delivery-system] [restartedMain] o.h.e.t.j.p.i.JtaPlatformInitiator       : HHH000489: No JTA platform available (set 'hibernate.transaction.jta.platform' to enable JTA platform integration)
2026-06-17T01:52:47.630+05:30  INFO 1796 --- [food-delivery-system] [restartedMain] j.LocalContainerEntityManagerFactoryBean : Initialized JPA EntityManagerFactory for persistence unit 'default'
2026-06-17T01:52:47.997+05:30 DEBUG 1796 --- [food-delivery-system] [restartedMain] c.b.f.security.JwtFilter                 : Filter 'jwtFilter' configured for use
2026-06-17T01:52:48.964+05:30  INFO 1796 --- [food-delivery-system] [restartedMain] o.s.d.j.r.query.QueryEnhancerFactory     : Hibernate is in classpath; If applicable, HQL parser will be used.
2026-06-17T01:52:49.835+05:30  WARN 1796 --- [food-delivery-system] [restartedMain] JpaBaseConfiguration$JpaWebConfiguration : spring.jpa.open-in-view is enabled by default. Therefore, database queries may be performed during view rendering. Explicitly configure spring.jpa.open-in-view to disable this warning
2026-06-17T01:52:49.922+05:30  INFO 1796 --- [food-delivery-system] [restartedMain] eAuthenticationProviderManagerConfigurer : Global AuthenticationManager configured with AuthenticationProvider bean with name authenticationProvider
2026-06-17T01:52:49.922+05:30  WARN 1796 --- [food-delivery-system] [restartedMain] r$InitializeUserDetailsManagerConfigurer : Global AuthenticationManager configured with an AuthenticationProvider bean. UserDetailsService beans will not be used by Spring Security for automatically configuring username/password login. Consider removing the AuthenticationProvider bean. Alternatively, consider using the UserDetailsService in a manually instantiated DaoAuthenticationProvider. If the current configuration is intentional, to turn off this warning, increase the logging level of 'org.springframework.security.config.annotation.authentication.configuration.InitializeUserDetailsBeanManagerConfigurer' to ERROR
2026-06-17T01:52:51.111+05:30  INFO 1796 --- [food-delivery-system] [restartedMain] o.s.b.d.a.OptionalLiveReloadServer       : LiveReload server is running on port 35729
2026-06-17T01:52:51.184+05:30  INFO 1796 --- [food-delivery-system] [restartedMain] o.a.k.clients.admin.AdminClientConfig    : AdminClientConfig values: 
	auto.include.jmx.reporter = true
	bootstrap.controllers = []
	bootstrap.servers = [localhost:9092]
	client.dns.lookup = use_all_dns_ips
	client.id = food-delivery-system-admin-0
	connections.max.idle.ms = 300000
	default.api.timeout.ms = 60000
	enable.metrics.push = true
	metadata.max.age.ms = 300000
	metadata.recovery.strategy = none
	metric.reporters = []
	metrics.num.samples = 2
	metrics.recording.level = INFO
	metrics.sample.window.ms = 30000
	receive.buffer.bytes = 65536
	reconnect.backoff.max.ms = 1000
	reconnect.backoff.ms = 50
	request.timeout.ms = 30000
	retries = 2147483647
	retry.backoff.max.ms = 1000
	retry.backoff.ms = 100
	sasl.client.callback.handler.class = null
	sasl.jaas.config = null
	sasl.kerberos.kinit.cmd = /usr/bin/kinit
	sasl.kerberos.min.time.before.relogin = 60000
	sasl.kerberos.service.name = null
	sasl.kerberos.ticket.renew.jitter = 0.05
	sasl.kerberos.ticket.renew.window.factor = 0.8
	sasl.login.callback.handler.class = null
	sasl.login.class = null
	sasl.login.connect.timeout.ms = null
	sasl.login.read.timeout.ms = null
	sasl.login.refresh.buffer.seconds = 300
	sasl.login.refresh.min.period.seconds = 60
	sasl.login.refresh.window.factor = 0.8
	sasl.login.refresh.window.jitter = 0.05
	sasl.login.retry.backoff.max.ms = 10000
	sasl.login.retry.backoff.ms = 100
	sasl.mechanism = GSSAPI
	sasl.oauthbearer.clock.skew.seconds = 30
	sasl.oauthbearer.expected.audience = null
	sasl.oauthbearer.expected.issuer = null
	sasl.oauthbearer.header.urlencode = false
	sasl.oauthbearer.jwks.endpoint.refresh.ms = 3600000
	sasl.oauthbearer.jwks.endpoint.retry.backoff.max.ms = 10000
	sasl.oauthbearer.jwks.endpoint.retry.backoff.ms = 100
	sasl.oauthbearer.jwks.endpoint.url = null
	sasl.oauthbearer.scope.claim.name = scope
	sasl.oauthbearer.sub.claim.name = sub
	sasl.oauthbearer.token.endpoint.url = null
	security.protocol = PLAINTEXT
	security.providers = null
	send.buffer.bytes = 131072
	socket.connection.setup.timeout.max.ms = 30000
	socket.connection.setup.timeout.ms = 10000
	ssl.cipher.suites = null
	ssl.enabled.protocols = [TLSv1.2, TLSv1.3]
	ssl.endpoint.identification.algorithm = https
	ssl.engine.factory.class = null
	ssl.key.password = null
	ssl.keymanager.algorithm = SunX509
	ssl.keystore.certificate.chain = null
	ssl.keystore.key = null
	ssl.keystore.location = null
	ssl.keystore.password = null
	ssl.keystore.type = JKS
	ssl.protocol = TLSv1.3
	ssl.provider = null
	ssl.secure.random.implementation = null
	ssl.trustmanager.algorithm = PKIX
	ssl.truststore.certificates = null
	ssl.truststore.location = null
	ssl.truststore.password = null
	ssl.truststore.type = JKS

2026-06-17T01:52:51.329+05:30  INFO 1796 --- [food-delivery-system] [restartedMain] o.a.kafka.common.utils.AppInfoParser     : Kafka version: 3.9.2
2026-06-17T01:52:51.330+05:30  INFO 1796 --- [food-delivery-system] [restartedMain] o.a.kafka.common.utils.AppInfoParser     : Kafka commitId: 5e9866f43ab8e7e4
2026-06-17T01:52:51.330+05:30  INFO 1796 --- [food-delivery-system] [restartedMain] o.a.kafka.common.utils.AppInfoParser     : Kafka startTimeMs: 1781641371328
2026-06-17T01:52:51.937+05:30  INFO 1796 --- [food-delivery-system] [kafka-admin-client-thread | food-delivery-system-admin-0] o.a.kafka.common.utils.AppInfoParser     : App info kafka.admin.client for food-delivery-system-admin-0 unregistered
2026-06-17T01:52:51.942+05:30  INFO 1796 --- [food-delivery-system] [kafka-admin-client-thread | food-delivery-system-admin-0] o.apache.kafka.common.metrics.Metrics    : Metrics scheduler closed
2026-06-17T01:52:51.942+05:30  INFO 1796 --- [food-delivery-system] [kafka-admin-client-thread | food-delivery-system-admin-0] o.apache.kafka.common.metrics.Metrics    : Closing reporter org.apache.kafka.common.metrics.JmxReporter
2026-06-17T01:52:51.943+05:30  INFO 1796 --- [food-delivery-system] [kafka-admin-client-thread | food-delivery-system-admin-0] o.apache.kafka.common.metrics.Metrics    : Metrics reporters closed
2026-06-17T01:52:51.961+05:30  INFO 1796 --- [food-delivery-system] [restartedMain] o.s.b.w.embedded.tomcat.TomcatWebServer  : Tomcat started on port 8080 (http) with context path '/'
2026-06-17T01:52:51.965+05:30  INFO 1796 --- [food-delivery-system] [restartedMain] o.s.a.r.c.CachingConnectionFactory       : Attempting to connect to: [localhost:5672]
2026-06-17T01:52:52.133+05:30  INFO 1796 --- [food-delivery-system] [restartedMain] o.s.a.r.c.CachingConnectionFactory       : Created new connection: rabbitConnectionFactory#33f1a137:0/SimpleConnection@67930dd0 [delegate=amqp://guest@127.0.0.1:5672/, localPort=65280]
2026-06-17T01:52:52.229+05:30  INFO 1796 --- [food-delivery-system] [restartedMain] c.b.f.FoodDeliverySystemApplication      : Started FoodDeliverySystemApplication in 13.868 seconds (process running for 14.507)
2026-06-17T01:52:52.234+05:30  INFO 1796 --- [food-delivery-system] [scheduling-1] c.b.f.service.OrderSchedulerService      : [SCHEDULER] Checking for unpaid orders...
2026-06-17T01:52:52.376+05:30  INFO 1796 --- [food-delivery-system] [scheduling-1] c.b.f.service.OrderSchedulerService      : [SCHEDULER] No unpaid orders found.
2026-06-17T01:53:00.905+05:30  INFO 1796 --- [food-delivery-system] [http-nio-8080-exec-2] o.a.c.c.C.[Tomcat].[localhost].[/]       : Initializing Spring DispatcherServlet 'dispatcherServlet'
2026-06-17T01:53:00.905+05:30  INFO 1796 --- [food-delivery-system] [http-nio-8080-exec-2] o.s.web.servlet.DispatcherServlet        : Initializing Servlet 'dispatcherServlet'
2026-06-17T01:53:00.908+05:30  INFO 1796 --- [food-delivery-system] [http-nio-8080-exec-2] o.s.web.servlet.DispatcherServlet        : Completed initialization in 3 ms
2026-06-17T01:53:01.156+05:30  INFO 1796 --- [food-delivery-system] [http-nio-8080-exec-2] c.b.f.service.UserService                : Login attempt for email: giri@gmail.com
2026-06-17T01:53:01.389+05:30  INFO 1796 --- [food-delivery-system] [http-nio-8080-exec-2] c.b.f.service.UserService                : Login successful for: giri@gmail.com
2026-06-17T01:53:03.818+05:30  INFO 1796 --- [food-delivery-system] [http-nio-8080-exec-1] c.b.f.service.UserService                : Login attempt for email: giri@gmail.com
2026-06-17T01:53:03.935+05:30  INFO 1796 --- [food-delivery-system] [http-nio-8080-exec-1] c.b.f.service.UserService                : Login successful for: giri@gmail.com
2026-06-17T01:53:20.875+05:30  INFO 1796 --- [food-delivery-system] [http-nio-8080-exec-3] c.b.f.service.RestaurantService          : Fetching approved restaurants
2026-06-17T01:53:21.190+05:30 ERROR 1796 --- [food-delivery-system] [http-nio-8080-exec-3] o.a.c.c.C.[.[.[/].[dispatcherServlet]    : Servlet.service() for servlet [dispatcherServlet] in context with path [] threw exception [Request processing failed: org.springframework.data.redis.serializer.SerializationException: Could not write JSON: Java 8 date/time type `java.time.LocalTime` not supported by default: add Module "com.fasterxml.jackson.datatype:jackson-datatype-jsr310" to enable handling (or disable `MapperFeature.REQUIRE_HANDLERS_FOR_JAVA8_TIMES`) (through reference chain: java.util.ArrayList[0]->com.balu.food_delivery_system.dto.RestaurantResponseDTO["openingTime"])] with root cause

com.fasterxml.jackson.databind.exc.InvalidDefinitionException: Java 8 date/time type `java.time.LocalTime` not supported by default: add Module "com.fasterxml.jackson.datatype:jackson-datatype-jsr310" to enable handling (or disable `MapperFeature.REQUIRE_HANDLERS_FOR_JAVA8_TIMES`) (through reference chain: java.util.ArrayList[0]->com.balu.food_delivery_system.dto.RestaurantResponseDTO["openingTime"])
	at com.fasterxml.jackson.databind.exc.InvalidDefinitionException.from(InvalidDefinitionException.java:77) ~[jackson-databind-2.21.2.jar:2.21.2]
	at com.fasterxml.jackson.databind.SerializerProvider.reportBadDefinition(SerializerProvider.java:1359) ~[jackson-databind-2.21.2.jar:2.21.2]
	at com.fasterxml.jackson.databind.ser.impl.UnsupportedTypeSerializer.serialize(UnsupportedTypeSerializer.java:34) ~[jackson-databind-2.21.2.jar:2.21.2]
	at com.fasterxml.jackson.databind.ser.BeanPropertyWriter.serializeAsField(BeanPropertyWriter.java:732) ~[jackson-databind-2.21.2.jar:2.21.2]
	at com.fasterxml.jackson.databind.ser.std.BeanSerializerBase.serializeFields(BeanSerializerBase.java:760) ~[jackson-databind-2.21.2.jar:2.21.2]
	at com.fasterxml.jackson.databind.ser.std.BeanSerializerBase.serializeWithType(BeanSerializerBase.java:643) ~[jackson-databind-2.21.2.jar:2.21.2]
	at com.fasterxml.jackson.databind.ser.impl.IndexedListSerializer.serializeTypedContents(IndexedListSerializer.java:181) ~[jackson-databind-2.21.2.jar:2.21.2]
	at com.fasterxml.jackson.databind.ser.impl.IndexedListSerializer.serializeContents(IndexedListSerializer.java:92) ~[jackson-databind-2.21.2.jar:2.21.2]
	at com.fasterxml.jackson.databind.ser.impl.IndexedListSerializer.serializeContents(IndexedListSerializer.java:18) ~[jackson-databind-2.21.2.jar:2.21.2]
	at com.fasterxml.jackson.databind.ser.std.AsArraySerializerBase.serializeWithType(AsArraySerializerBase.java:265) ~[jackson-databind-2.21.2.jar:2.21.2]
	at com.fasterxml.jackson.databind.ser.impl.TypeWrappedSerializer.serialize(TypeWrappedSerializer.java:32) ~[jackson-databind-2.21.2.jar:2.21.2]
	at com.fasterxml.jackson.databind.ser.DefaultSerializerProvider._serialize(DefaultSerializerProvider.java:503) ~[jackson-databind-2.21.2.jar:2.21.2]
	at com.fasterxml.jackson.databind.ser.DefaultSerializerProvider.serializeValue(DefaultSerializerProvider.java:342) ~[jackson-databind-2.21.2.jar:2.21.2]
	at com.fasterxml.jackson.databind.ObjectMapper._writeValueAndClose(ObjectMapper.java:4938) ~[jackson-databind-2.21.2.jar:2.21.2]
	at com.fasterxml.jackson.databind.ObjectMapper.writeValueAsBytes(ObjectMapper.java:4171) ~[jackson-databind-2.21.2.jar:2.21.2]
	at org.springframework.data.redis.serializer.GenericJackson2JsonRedisSerializer.serialize(GenericJackson2JsonRedisSerializer.java:272) ~[spring-data-redis-3.5.11.jar:3.5.11]
	at org.springframework.data.redis.serializer.DefaultRedisElementWriter.write(DefaultRedisElementWriter.java:42) ~[spring-data-redis-3.5.11.jar:3.5.11]
	at org.springframework.data.redis.serializer.RedisSerializationContext$SerializationPair.write(RedisSerializationContext.java:292) ~[spring-data-redis-3.5.11.jar:3.5.11]
	at org.springframework.data.redis.cache.RedisCache.serializeCacheValue(RedisCache.java:343) ~[spring-data-redis-3.5.11.jar:3.5.11]
	at org.springframework.data.redis.cache.RedisCache.put(RedisCache.java:204) ~[spring-data-redis-3.5.11.jar:3.5.11]
	at org.springframework.cache.interceptor.AbstractCacheInvoker.doPut(AbstractCacheInvoker.java:157) ~[spring-context-6.2.18.jar:6.2.18]
	at org.springframework.cache.interceptor.CacheAspectSupport$CachePutRequest.performCachePut(CacheAspectSupport.java:1089) ~[spring-context-6.2.18.jar:6.2.18]
	at org.springframework.cache.interceptor.CacheAspectSupport$CachePutRequest.apply(CacheAspectSupport.java:1074) ~[spring-context-6.2.18.jar:6.2.18]
	at org.springframework.cache.interceptor.CacheAspectSupport.evaluate(CacheAspectSupport.java:618) ~[spring-context-6.2.18.jar:6.2.18]
	at org.springframework.cache.interceptor.CacheAspectSupport.execute(CacheAspectSupport.java:450) ~[spring-context-6.2.18.jar:6.2.18]
	at org.springframework.cache.interceptor.CacheAspectSupport.execute(CacheAspectSupport.java:412) ~[spring-context-6.2.18.jar:6.2.18]
	at org.springframework.cache.interceptor.CacheInterceptor.invoke(CacheInterceptor.java:65) ~[spring-context-6.2.18.jar:6.2.18]
	at org.springframework.aop.framework.ReflectiveMethodInvocation.proceed(ReflectiveMethodInvocation.java:184) ~[spring-aop-6.2.18.jar:6.2.18]
	at org.springframework.aop.framework.CglibAopProxy$DynamicAdvisedInterceptor.intercept(CglibAopProxy.java:728) ~[spring-aop-6.2.18.jar:6.2.18]
	at com.balu.food_delivery_system.service.RestaurantService$$SpringCGLIB$$0.getApprovedRestaurants(<generated>) ~[classes/:na]
	at com.balu.food_delivery_system.controller.RestaurantController.getApprovedRestaurants(RestaurantController.java:57) ~[classes/:na]
	at java.base/jdk.internal.reflect.DirectMethodHandleAccessor.invoke(DirectMethodHandleAccessor.java:104) ~[na:na]
	at java.base/java.lang.reflect.Method.invoke(Method.java:565) ~[na:na]
	at org.springframework.aop.support.AopUtils.invokeJoinpointUsingReflection(AopUtils.java:360) ~[spring-aop-6.2.18.jar:6.2.18]
	at org.springframework.aop.framework.CglibAopProxy$DynamicAdvisedInterceptor.intercept(CglibAopProxy.java:724) ~[spring-aop-6.2.18.jar:6.2.18]
	at com.balu.food_delivery_system.controller.RestaurantController$$SpringCGLIB$$0.getApprovedRestaurants(<generated>) ~[classes/:na]
	at java.base/jdk.internal.reflect.DirectMethodHandleAccessor.invoke(DirectMethodHandleAccessor.java:104) ~[na:na]
	at java.base/java.lang.reflect.Method.invoke(Method.java:565) ~[na:na]
	at org.springframework.web.method.support.InvocableHandlerMethod.doInvoke(InvocableHandlerMethod.java:258) ~[spring-web-6.2.18.jar:6.2.18]
	at org.springframework.web.method.support.InvocableHandlerMethod.invokeForRequest(InvocableHandlerMethod.java:191) ~[spring-web-6.2.18.jar:6.2.18]
	at org.springframework.web.servlet.mvc.method.annotation.ServletInvocableHandlerMethod.invokeAndHandle(ServletInvocableHandlerMethod.java:118) ~[spring-webmvc-6.2.18.jar:6.2.18]
	at org.springframework.web.servlet.mvc.method.annotation.RequestMappingHandlerAdapter.invokeHandlerMethod(RequestMappingHandlerAdapter.java:991) ~[spring-webmvc-6.2.18.jar:6.2.18]
	at org.springframework.web.servlet.mvc.method.annotation.RequestMappingHandlerAdapter.handleInternal(RequestMappingHandlerAdapter.java:896) ~[spring-webmvc-6.2.18.jar:6.2.18]
	at org.springframework.web.servlet.mvc.method.AbstractHandlerMethodAdapter.handle(AbstractHandlerMethodAdapter.java:87) ~[spring-webmvc-6.2.18.jar:6.2.18]
	at org.springframework.web.servlet.DispatcherServlet.doDispatch(DispatcherServlet.java:1089) ~[spring-webmvc-6.2.18.jar:6.2.18]
	at org.springframework.web.servlet.DispatcherServlet.doService(DispatcherServlet.java:979) ~[spring-webmvc-6.2.18.jar:6.2.18]
	at org.springframework.web.servlet.FrameworkServlet.processRequest(FrameworkServlet.java:1014) ~[spring-webmvc-6.2.18.jar:6.2.18]
	at org.springframework.web.servlet.FrameworkServlet.doGet(FrameworkServlet.java:903) ~[spring-webmvc-6.2.18.jar:6.2.18]
	at jakarta.servlet.http.HttpServlet.service(HttpServlet.java:564) ~[tomcat-embed-core-10.1.54.jar:6.0]
	at org.springframework.web.servlet.FrameworkServlet.service(FrameworkServlet.java:885) ~[spring-webmvc-6.2.18.jar:6.2.18]
	at jakarta.servlet.http.HttpServlet.service(HttpServlet.java:658) ~[tomcat-embed-core-10.1.54.jar:6.0]
	at org.apache.catalina.core.ApplicationFilterChain.internalDoFilter(ApplicationFilterChain.java:193) ~[tomcat-embed-core-10.1.54.jar:10.1.54]
	at org.apache.catalina.core.ApplicationFilterChain.doFilter(ApplicationFilterChain.java:138) ~[tomcat-embed-core-10.1.54.jar:10.1.54]
	at org.apache.tomcat.websocket.server.WsFilter.doFilter(WsFilter.java:51) ~[tomcat-embed-websocket-10.1.54.jar:10.1.54]
	at org.apache.catalina.core.ApplicationFilterChain.internalDoFilter(ApplicationFilterChain.java:162) ~[tomcat-embed-core-10.1.54.jar:10.1.54]
	at org.apache.catalina.core.ApplicationFilterChain.doFilter(ApplicationFilterChain.java:138) ~[tomcat-embed-core-10.1.54.jar:10.1.54]
	at org.springframework.web.filter.OncePerRequestFilter.doFilter(OncePerRequestFilter.java:110) ~[spring-web-6.2.18.jar:6.2.18]
	at org.apache.catalina.core.ApplicationFilterChain.internalDoFilter(ApplicationFilterChain.java:162) ~[tomcat-embed-core-10.1.54.jar:10.1.54]
	at org.apache.catalina.core.ApplicationFilterChain.doFilter(ApplicationFilterChain.java:138) ~[tomcat-embed-core-10.1.54.jar:10.1.54]
	at org.springframework.web.filter.CompositeFilter$VirtualFilterChain.doFilter(CompositeFilter.java:108) ~[spring-web-6.2.18.jar:6.2.18]
	at org.springframework.web.filter.CompositeFilter$VirtualFilterChain.doFilter(CompositeFilter.java:108) ~[spring-web-6.2.18.jar:6.2.18]
	at org.springframework.security.web.FilterChainProxy.lambda$doFilterInternal$3(FilterChainProxy.java:231) ~[spring-security-web-6.5.10.jar:6.5.10]
	at org.springframework.security.web.FilterChainProxy$VirtualFilterChain.doFilter(FilterChainProxy.java:370) ~[spring-security-web-6.5.10.jar:6.5.10]
	at org.springframework.security.web.access.intercept.AuthorizationFilter.doFilter(AuthorizationFilter.java:101) ~[spring-security-web-6.5.10.jar:6.5.10]
	at org.springframework.security.web.FilterChainProxy$VirtualFilterChain.doFilter(FilterChainProxy.java:379) ~[spring-security-web-6.5.10.jar:6.5.10]
	at org.springframework.security.web.access.ExceptionTranslationFilter.doFilter(ExceptionTranslationFilter.java:125) ~[spring-security-web-6.5.10.jar:6.5.10]
	at org.springframework.security.web.access.ExceptionTranslationFilter.doFilter(ExceptionTranslationFilter.java:119) ~[spring-security-web-6.5.10.jar:6.5.10]
	at org.springframework.security.web.FilterChainProxy$VirtualFilterChain.doFilter(FilterChainProxy.java:379) ~[spring-security-web-6.5.10.jar:6.5.10]
	at org.springframework.security.web.session.SessionManagementFilter.doFilter(SessionManagementFilter.java:131) ~[spring-security-web-6.5.10.jar:6.5.10]
	at org.springframework.security.web.session.SessionManagementFilter.doFilter(SessionManagementFilter.java:85) ~[spring-security-web-6.5.10.jar:6.5.10]
	at org.springframework.security.web.FilterChainProxy$VirtualFilterChain.doFilter(FilterChainProxy.java:379) ~[spring-security-web-6.5.10.jar:6.5.10]
	at org.springframework.security.web.authentication.AnonymousAuthenticationFilter.doFilter(AnonymousAuthenticationFilter.java:100) ~[spring-security-web-6.5.10.jar:6.5.10]
	at org.springframework.security.web.FilterChainProxy$VirtualFilterChain.doFilter(FilterChainProxy.java:379) ~[spring-security-web-6.5.10.jar:6.5.10]
	at org.springframework.security.web.servletapi.SecurityContextHolderAwareRequestFilter.doFilter(SecurityContextHolderAwareRequestFilter.java:179) ~[spring-security-web-6.5.10.jar:6.5.10]
	at org.springframework.security.web.FilterChainProxy$VirtualFilterChain.doFilter(FilterChainProxy.java:379) ~[spring-security-web-6.5.10.jar:6.5.10]
	at org.springframework.security.web.savedrequest.RequestCacheAwareFilter.doFilter(RequestCacheAwareFilter.java:63) ~[spring-security-web-6.5.10.jar:6.5.10]
	at org.springframework.security.web.FilterChainProxy$VirtualFilterChain.doFilter(FilterChainProxy.java:379) ~[spring-security-web-6.5.10.jar:6.5.10]
	at com.balu.food_delivery_system.security.JwtFilter.doFilterInternal(JwtFilter.java:69) ~[classes/:na]
	at org.springframework.web.filter.OncePerRequestFilter.doFilter(OncePerRequestFilter.java:116) ~[spring-web-6.2.18.jar:6.2.18]
	at org.springframework.security.web.FilterChainProxy$VirtualFilterChain.doFilter(FilterChainProxy.java:379) ~[spring-security-web-6.5.10.jar:6.5.10]
	at org.springframework.security.web.authentication.logout.LogoutFilter.doFilter(LogoutFilter.java:107) ~[spring-security-web-6.5.10.jar:6.5.10]
	at org.springframework.security.web.authentication.logout.LogoutFilter.doFilter(LogoutFilter.java:93) ~[spring-security-web-6.5.10.jar:6.5.10]
	at org.springframework.security.web.FilterChainProxy$VirtualFilterChain.doFilter(FilterChainProxy.java:379) ~[spring-security-web-6.5.10.jar:6.5.10]
	at org.springframework.security.web.header.HeaderWriterFilter.doHeadersAfter(HeaderWriterFilter.java:90) ~[spring-security-web-6.5.10.jar:6.5.10]
	at org.springframework.security.web.header.HeaderWriterFilter.doFilterInternal(HeaderWriterFilter.java:75) ~[spring-security-web-6.5.10.jar:6.5.10]
	at org.springframework.web.filter.OncePerRequestFilter.doFilter(OncePerRequestFilter.java:116) ~[spring-web-6.2.18.jar:6.2.18]
	at org.springframework.security.web.FilterChainProxy$VirtualFilterChain.doFilter(FilterChainProxy.java:379) ~[spring-security-web-6.5.10.jar:6.5.10]
	at org.springframework.security.web.context.SecurityContextHolderFilter.doFilter(SecurityContextHolderFilter.java:82) ~[spring-security-web-6.5.10.jar:6.5.10]
	at org.springframework.security.web.context.SecurityContextHolderFilter.doFilter(SecurityContextHolderFilter.java:69) ~[spring-security-web-6.5.10.jar:6.5.10]
	at org.springframework.security.web.FilterChainProxy$VirtualFilterChain.doFilter(FilterChainProxy.java:379) ~[spring-security-web-6.5.10.jar:6.5.10]
	at org.springframework.security.web.context.request.async.WebAsyncManagerIntegrationFilter.doFilterInternal(WebAsyncManagerIntegrationFilter.java:62) ~[spring-security-web-6.5.10.jar:6.5.10]
	at org.springframework.web.filter.OncePerRequestFilter.doFilter(OncePerRequestFilter.java:116) ~[spring-web-6.2.18.jar:6.2.18]
	at org.springframework.security.web.FilterChainProxy$VirtualFilterChain.doFilter(FilterChainProxy.java:379) ~[spring-security-web-6.5.10.jar:6.5.10]
	at org.springframework.security.web.session.DisableEncodeUrlFilter.doFilterInternal(DisableEncodeUrlFilter.java:42) ~[spring-security-web-6.5.10.jar:6.5.10]
	at org.springframework.web.filter.OncePerRequestFilter.doFilter(OncePerRequestFilter.java:116) ~[spring-web-6.2.18.jar:6.2.18]
	at org.springframework.security.web.FilterChainProxy$VirtualFilterChain.doFilter(FilterChainProxy.java:379) ~[spring-security-web-6.5.10.jar:6.5.10]
	at org.springframework.security.web.FilterChainProxy.doFilterInternal(FilterChainProxy.java:233) ~[spring-security-web-6.5.10.jar:6.5.10]
	at org.springframework.security.web.FilterChainProxy.doFilter(FilterChainProxy.java:191) ~[spring-security-web-6.5.10.jar:6.5.10]
	at org.springframework.web.filter.CompositeFilter$VirtualFilterChain.doFilter(CompositeFilter.java:113) ~[spring-web-6.2.18.jar:6.2.18]
	at org.springframework.web.filter.ServletRequestPathFilter.doFilter(ServletRequestPathFilter.java:52) ~[spring-web-6.2.18.jar:6.2.18]
	at org.springframework.web.filter.CompositeFilter$VirtualFilterChain.doFilter(CompositeFilter.java:113) ~[spring-web-6.2.18.jar:6.2.18]
	at org.springframework.web.filter.CompositeFilter.doFilter(CompositeFilter.java:74) ~[spring-web-6.2.18.jar:6.2.18]
	at org.springframework.security.config.annotation.web.configuration.WebSecurityConfiguration$CompositeFilterChainProxy.doFilter(WebSecurityConfiguration.java:319) ~[spring-security-config-6.5.10.jar:6.5.10]
	at org.springframework.web.filter.CompositeFilter$VirtualFilterChain.doFilter(CompositeFilter.java:113) ~[spring-web-6.2.18.jar:6.2.18]
	at org.springframework.web.servlet.handler.HandlerMappingIntrospector.lambda$createCacheFilter$4(HandlerMappingIntrospector.java:267) ~[spring-webmvc-6.2.18.jar:6.2.18]
	at org.springframework.web.filter.CompositeFilter$VirtualFilterChain.doFilter(CompositeFilter.java:113) ~[spring-web-6.2.18.jar:6.2.18]
	at org.springframework.web.filter.CompositeFilter.doFilter(CompositeFilter.java:74) ~[spring-web-6.2.18.jar:6.2.18]
	at org.springframework.security.config.annotation.web.configuration.WebMvcSecurityConfiguration$CompositeFilterChainProxy.doFilter(WebMvcSecurityConfiguration.java:240) ~[spring-security-config-6.5.10.jar:6.5.10]
	at org.springframework.web.filter.DelegatingFilterProxy.invokeDelegate(DelegatingFilterProxy.java:362) ~[spring-web-6.2.18.jar:6.2.18]
	at org.springframework.web.filter.DelegatingFilterProxy.doFilter(DelegatingFilterProxy.java:278) ~[spring-web-6.2.18.jar:6.2.18]
	at org.apache.catalina.core.ApplicationFilterChain.internalDoFilter(ApplicationFilterChain.java:162) ~[tomcat-embed-core-10.1.54.jar:10.1.54]
	at org.apache.catalina.core.ApplicationFilterChain.doFilter(ApplicationFilterChain.java:138) ~[tomcat-embed-core-10.1.54.jar:10.1.54]
	at org.springframework.web.filter.RequestContextFilter.doFilterInternal(RequestContextFilter.java:100) ~[spring-web-6.2.18.jar:6.2.18]
	at org.springframework.web.filter.OncePerRequestFilter.doFilter(OncePerRequestFilter.java:116) ~[spring-web-6.2.18.jar:6.2.18]
	at org.apache.catalina.core.ApplicationFilterChain.internalDoFilter(ApplicationFilterChain.java:162) ~[tomcat-embed-core-10.1.54.jar:10.1.54]
	at org.apache.catalina.core.ApplicationFilterChain.doFilter(ApplicationFilterChain.java:138) ~[tomcat-embed-core-10.1.54.jar:10.1.54]
	at org.springframework.web.filter.FormContentFilter.doFilterInternal(FormContentFilter.java:93) ~[spring-web-6.2.18.jar:6.2.18]
	at org.springframework.web.filter.OncePerRequestFilter.doFilter(OncePerRequestFilter.java:116) ~[spring-web-6.2.18.jar:6.2.18]
	at org.apache.catalina.core.ApplicationFilterChain.internalDoFilter(ApplicationFilterChain.java:162) ~[tomcat-embed-core-10.1.54.jar:10.1.54]
	at org.apache.catalina.core.ApplicationFilterChain.doFilter(ApplicationFilterChain.java:138) ~[tomcat-embed-core-10.1.54.jar:10.1.54]
	at org.springframework.web.filter.CharacterEncodingFilter.doFilterInternal(CharacterEncodingFilter.java:201) ~[spring-web-6.2.18.jar:6.2.18]
	at org.springframework.web.filter.OncePerRequestFilter.doFilter(OncePerRequestFilter.java:116) ~[spring-web-6.2.18.jar:6.2.18]
	at org.apache.catalina.core.ApplicationFilterChain.internalDoFilter(ApplicationFilterChain.java:162) ~[tomcat-embed-core-10.1.54.jar:10.1.54]
	at org.apache.catalina.core.ApplicationFilterChain.doFilter(ApplicationFilterChain.java:138) ~[tomcat-embed-core-10.1.54.jar:10.1.54]
	at org.apache.catalina.core.StandardWrapperValve.invoke(StandardWrapperValve.java:165) ~[tomcat-embed-core-10.1.54.jar:10.1.54]
	at org.apache.catalina.core.StandardContextValve.invoke(StandardContextValve.java:88) ~[tomcat-embed-core-10.1.54.jar:10.1.54]
	at org.apache.catalina.authenticator.AuthenticatorBase.invoke(AuthenticatorBase.java:492) ~[tomcat-embed-core-10.1.54.jar:10.1.54]
	at org.apache.catalina.core.StandardHostValve.invoke(StandardHostValve.java:113) ~[tomcat-embed-core-10.1.54.jar:10.1.54]
	at org.apache.catalina.valves.ErrorReportValve.invoke(ErrorReportValve.java:83) ~[tomcat-embed-core-10.1.54.jar:10.1.54]
	at org.apache.catalina.core.StandardEngineValve.invoke(StandardEngineValve.java:72) ~[tomcat-embed-core-10.1.54.jar:10.1.54]
	at org.apache.catalina.connector.CoyoteAdapter.service(CoyoteAdapter.java:342) ~[tomcat-embed-core-10.1.54.jar:10.1.54]
	at org.apache.coyote.http11.Http11Processor.service(Http11Processor.java:399) ~[tomcat-embed-core-10.1.54.jar:10.1.54]
	at org.apache.coyote.AbstractProcessorLight.process(AbstractProcessorLight.java:63) ~[tomcat-embed-core-10.1.54.jar:10.1.54]
	at org.apache.coyote.AbstractProtocol$ConnectionHandler.process(AbstractProtocol.java:903) ~[tomcat-embed-core-10.1.54.jar:10.1.54]
	at org.apache.tomcat.util.net.NioEndpoint$SocketProcessor.doRun(NioEndpoint.java:1797) ~[tomcat-embed-core-10.1.54.jar:10.1.54]
	at org.apache.tomcat.util.net.SocketProcessorBase.run(SocketProcessorBase.java:52) ~[tomcat-embed-core-10.1.54.jar:10.1.54]
	at org.apache.tomcat.util.threads.ThreadPoolExecutor.runWorker(ThreadPoolExecutor.java:973) ~[tomcat-embed-core-10.1.54.jar:10.1.54]
	at org.apache.tomcat.util.threads.ThreadPoolExecutor$Worker.run(ThreadPoolExecutor.java:491) ~[tomcat-embed-core-10.1.54.jar:10.1.54]
	at org.apache.tomcat.util.threads.TaskThread$WrappingRunnable.run(TaskThread.java:63) ~[tomcat-embed-core-10.1.54.jar:10.1.54]
	at java.base/java.lang.Thread.run(Thread.java:1474) ~[na:na]

2026-06-17T01:53:43.276+05:30  INFO 1796 --- [food-delivery-system] [org.springframework.amqp.rabbit.RabbitListenerEndpointContainer#0-2] o.s.a.r.l.SimpleMessageListenerContainer : Waiting for workers to finish.
2026-06-17T01:53:43.404+05:30  INFO 1796 --- [food-delivery-system] [org.springframework.amqp.rabbit.RabbitListenerEndpointContainer#0-2] o.s.a.r.l.SimpleMessageListenerContainer : Successfully waited for workers to finish.
2026-06-17T01:53:43.406+05:30  INFO 1796 --- [food-delivery-system] [SpringApplicationShutdownHook] o.s.b.w.e.tomcat.GracefulShutdown        : Commencing graceful shutdown. Waiting for active requests to complete
2026-06-17T01:53:43.412+05:30  INFO 1796 --- [food-delivery-system] [tomcat-shutdown] o.s.b.w.e.tomcat.GracefulShutdown        : Graceful shutdown complete
2026-06-17T01:53:43.539+05:30  INFO 1796 --- [food-delivery-system] [SpringApplicationShutdownHook] j.LocalContainerEntityManagerFactoryBean : Closing JPA EntityManagerFactory for persistence unit 'default'
2026-06-17T01:53:43.543+05:30  INFO 1796 --- [food-delivery-system] [SpringApplicationShutdownHook] com.zaxxer.hikari.HikariDataSource       : HikariPool-1 - Shutdown initiated...
2026-06-17T01:53:43.549+05:30  INFO 1796 --- [food-delivery-system] [SpringApplicationShutdownHook] com.zaxxer.hikari.HikariDataSource       : HikariPool-1 - Shutdown completed.
2026-06-17T01:53:51.048+05:30  INFO 10776 --- [food-delivery-system] [restartedMain] c.b.f.FoodDeliverySystemApplication      : Starting FoodDeliverySystemApplication using Java 25.0.1 with PID 10776 (C:\Users\gpbal\Downloads\food-delivery-system\food-delivery-system\target\classes started by gpbal in C:\Users\gpbal\Downloads\food-delivery-system)
2026-06-17T01:53:51.050+05:30 DEBUG 10776 --- [food-delivery-system] [restartedMain] c.b.f.FoodDeliverySystemApplication      : Running with Spring Boot v3.5.14, Spring v6.2.18
2026-06-17T01:53:51.050+05:30  INFO 10776 --- [food-delivery-system] [restartedMain] c.b.f.FoodDeliverySystemApplication      : No active profile set, falling back to 1 default profile: "default"
2026-06-17T01:53:51.130+05:30  INFO 10776 --- [food-delivery-system] [restartedMain] .e.DevToolsPropertyDefaultsPostProcessor : Devtools property defaults active! Set 'spring.devtools.add-properties' to 'false' to disable
2026-06-17T01:53:51.131+05:30  INFO 10776 --- [food-delivery-system] [restartedMain] .e.DevToolsPropertyDefaultsPostProcessor : For additional web related logging consider setting the 'logging.level.web' property to 'DEBUG'
2026-06-17T01:53:52.403+05:30  INFO 10776 --- [food-delivery-system] [restartedMain] .s.d.r.c.RepositoryConfigurationDelegate : Multiple Spring Data modules found, entering strict repository configuration mode
2026-06-17T01:53:52.405+05:30  INFO 10776 --- [food-delivery-system] [restartedMain] .s.d.r.c.RepositoryConfigurationDelegate : Bootstrapping Spring Data JPA repositories in DEFAULT mode.
2026-06-17T01:53:52.589+05:30  INFO 10776 --- [food-delivery-system] [restartedMain] .s.d.r.c.RepositoryConfigurationDelegate : Finished Spring Data repository scanning in 173 ms. Found 9 JPA repository interfaces.
2026-06-17T01:53:52.607+05:30  INFO 10776 --- [food-delivery-system] [restartedMain] .s.d.r.c.RepositoryConfigurationDelegate : Multiple Spring Data modules found, entering strict repository configuration mode
2026-06-17T01:53:52.609+05:30  INFO 10776 --- [food-delivery-system] [restartedMain] .s.d.r.c.RepositoryConfigurationDelegate : Bootstrapping Spring Data Redis repositories in DEFAULT mode.
2026-06-17T01:53:52.628+05:30  INFO 10776 --- [food-delivery-system] [restartedMain] .RepositoryConfigurationExtensionSupport : Spring Data Redis - Could not safely identify store assignment for repository candidate interface com.balu.food_delivery_system.repository.CartItemRepository; If you want this repository to be a Redis repository, consider annotating your entities with one of these annotations: org.springframework.data.redis.core.RedisHash (preferred), or consider extending one of the following types with your repository: org.springframework.data.keyvalue.repository.KeyValueRepository
2026-06-17T01:53:52.628+05:30  INFO 10776 --- [food-delivery-system] [restartedMain] .RepositoryConfigurationExtensionSupport : Spring Data Redis - Could not safely identify store assignment for repository candidate interface com.balu.food_delivery_system.repository.CartRepository; If you want this repository to be a Redis repository, consider annotating your entities with one of these annotations: org.springframework.data.redis.core.RedisHash (preferred), or consider extending one of the following types with your repository: org.springframework.data.keyvalue.repository.KeyValueRepository
2026-06-17T01:53:52.628+05:30  INFO 10776 --- [food-delivery-system] [restartedMain] .RepositoryConfigurationExtensionSupport : Spring Data Redis - Could not safely identify store assignment for repository candidate interface com.balu.food_delivery_system.repository.MenuCategoryRepository; If you want this repository to be a Redis repository, consider annotating your entities with one of these annotations: org.springframework.data.redis.core.RedisHash (preferred), or consider extending one of the following types with your repository: org.springframework.data.keyvalue.repository.KeyValueRepository
2026-06-17T01:53:52.628+05:30  INFO 10776 --- [food-delivery-system] [restartedMain] .RepositoryConfigurationExtensionSupport : Spring Data Redis - Could not safely identify store assignment for repository candidate interface com.balu.food_delivery_system.repository.MenuItemRepository; If you want this repository to be a Redis repository, consider annotating your entities with one of these annotations: org.springframework.data.redis.core.RedisHash (preferred), or consider extending one of the following types with your repository: org.springframework.data.keyvalue.repository.KeyValueRepository
2026-06-17T01:53:52.628+05:30  INFO 10776 --- [food-delivery-system] [restartedMain] .RepositoryConfigurationExtensionSupport : Spring Data Redis - Could not safely identify store assignment for repository candidate interface com.balu.food_delivery_system.repository.OrderItemRepository; If you want this repository to be a Redis repository, consider annotating your entities with one of these annotations: org.springframework.data.redis.core.RedisHash (preferred), or consider extending one of the following types with your repository: org.springframework.data.keyvalue.repository.KeyValueRepository
2026-06-17T01:53:52.628+05:30  INFO 10776 --- [food-delivery-system] [restartedMain] .RepositoryConfigurationExtensionSupport : Spring Data Redis - Could not safely identify store assignment for repository candidate interface com.balu.food_delivery_system.repository.OrderRepository; If you want this repository to be a Redis repository, consider annotating your entities with one of these annotations: org.springframework.data.redis.core.RedisHash (preferred), or consider extending one of the following types with your repository: org.springframework.data.keyvalue.repository.KeyValueRepository
2026-06-17T01:53:52.629+05:30  INFO 10776 --- [food-delivery-system] [restartedMain] .RepositoryConfigurationExtensionSupport : Spring Data Redis - Could not safely identify store assignment for repository candidate interface com.balu.food_delivery_system.repository.RefreshTokenRepository; If you want this repository to be a Redis repository, consider annotating your entities with one of these annotations: org.springframework.data.redis.core.RedisHash (preferred), or consider extending one of the following types with your repository: org.springframework.data.keyvalue.repository.KeyValueRepository
2026-06-17T01:53:52.629+05:30  INFO 10776 --- [food-delivery-system] [restartedMain] .RepositoryConfigurationExtensionSupport : Spring Data Redis - Could not safely identify store assignment for repository candidate interface com.balu.food_delivery_system.repository.RestaurantRepository; If you want this repository to be a Redis repository, consider annotating your entities with one of these annotations: org.springframework.data.redis.core.RedisHash (preferred), or consider extending one of the following types with your repository: org.springframework.data.keyvalue.repository.KeyValueRepository
2026-06-17T01:53:52.630+05:30  INFO 10776 --- [food-delivery-system] [restartedMain] .RepositoryConfigurationExtensionSupport : Spring Data Redis - Could not safely identify store assignment for repository candidate interface com.balu.food_delivery_system.repository.UserRepository; If you want this repository to be a Redis repository, consider annotating your entities with one of these annotations: org.springframework.data.redis.core.RedisHash (preferred), or consider extending one of the following types with your repository: org.springframework.data.keyvalue.repository.KeyValueRepository
2026-06-17T01:53:52.630+05:30  INFO 10776 --- [food-delivery-system] [restartedMain] .s.d.r.c.RepositoryConfigurationDelegate : Finished Spring Data repository scanning in 11 ms. Found 0 Redis repository interfaces.
2026-06-17T01:53:53.538+05:30  INFO 10776 --- [food-delivery-system] [restartedMain] o.s.b.w.embedded.tomcat.TomcatWebServer  : Tomcat initialized with port 8080 (http)
2026-06-17T01:53:53.551+05:30  INFO 10776 --- [food-delivery-system] [restartedMain] o.apache.catalina.core.StandardService   : Starting service [Tomcat]
2026-06-17T01:53:53.552+05:30  INFO 10776 --- [food-delivery-system] [restartedMain] o.apache.catalina.core.StandardEngine    : Starting Servlet engine: [Apache Tomcat/10.1.54]
2026-06-17T01:53:53.609+05:30  INFO 10776 --- [food-delivery-system] [restartedMain] o.a.c.c.C.[Tomcat].[localhost].[/]       : Initializing Spring embedded WebApplicationContext
2026-06-17T01:53:53.610+05:30  INFO 10776 --- [food-delivery-system] [restartedMain] w.s.c.ServletWebServerApplicationContext : Root WebApplicationContext: initialization completed in 2479 ms
2026-06-17T01:53:54.024+05:30  INFO 10776 --- [food-delivery-system] [restartedMain] o.hibernate.jpa.internal.util.LogHelper  : HHH000204: Processing PersistenceUnitInfo [name: default]
2026-06-17T01:53:54.075+05:30  INFO 10776 --- [food-delivery-system] [restartedMain] org.hibernate.Version                    : HHH000412: Hibernate ORM core version 6.6.49.Final
2026-06-17T01:53:54.124+05:30  INFO 10776 --- [food-delivery-system] [restartedMain] o.h.c.internal.RegionFactoryInitiator    : HHH000026: Second-level cache disabled
2026-06-17T01:53:54.439+05:30  INFO 10776 --- [food-delivery-system] [restartedMain] o.s.o.j.p.SpringPersistenceUnitInfo      : No LoadTimeWeaver setup: ignoring JPA class transformer
2026-06-17T01:53:54.478+05:30  INFO 10776 --- [food-delivery-system] [restartedMain] com.zaxxer.hikari.HikariDataSource       : HikariPool-1 - Starting...
2026-06-17T01:53:55.253+05:30  INFO 10776 --- [food-delivery-system] [restartedMain] com.zaxxer.hikari.pool.HikariPool        : HikariPool-1 - Added connection com.mysql.cj.jdbc.ConnectionImpl@6500025f
2026-06-17T01:53:55.253+05:30  INFO 10776 --- [food-delivery-system] [restartedMain] com.zaxxer.hikari.HikariDataSource       : HikariPool-1 - Start completed.
2026-06-17T01:53:55.458+05:30  WARN 10776 --- [food-delivery-system] [restartedMain] org.hibernate.orm.deprecation            : HHH90000025: MySQLDialect does not need to be specified explicitly using 'hibernate.dialect' (remove the property setting and it will be selected by default)
2026-06-17T01:53:55.472+05:30  INFO 10776 --- [food-delivery-system] [restartedMain] org.hibernate.orm.connections.pooling    : HHH10001005: Database info:
	Database JDBC URL [Connecting through datasource 'HikariDataSource (HikariPool-1)']
	Database driver: undefined/unknown
	Database version: 9.6
	Autocommit mode: undefined/unknown
	Isolation level: undefined/unknown
	Minimum pool size: undefined/unknown
	Maximum pool size: undefined/unknown
2026-06-17T01:53:56.833+05:30  INFO 10776 --- [food-delivery-system] [restartedMain] o.h.e.t.j.p.i.JtaPlatformInitiator       : HHH000489: No JTA platform available (set 'hibernate.transaction.jta.platform' to enable JTA platform integration)
2026-06-17T01:53:57.325+05:30  INFO 10776 --- [food-delivery-system] [restartedMain] j.LocalContainerEntityManagerFactoryBean : Initialized JPA EntityManagerFactory for persistence unit 'default'
2026-06-17T01:53:57.703+05:30 DEBUG 10776 --- [food-delivery-system] [restartedMain] c.b.f.security.JwtFilter                 : Filter 'jwtFilter' configured for use
2026-06-17T01:53:58.806+05:30  INFO 10776 --- [food-delivery-system] [restartedMain] o.s.d.j.r.query.QueryEnhancerFactory     : Hibernate is in classpath; If applicable, HQL parser will be used.
2026-06-17T01:53:59.690+05:30  WARN 10776 --- [food-delivery-system] [restartedMain] JpaBaseConfiguration$JpaWebConfiguration : spring.jpa.open-in-view is enabled by default. Therefore, database queries may be performed during view rendering. Explicitly configure spring.jpa.open-in-view to disable this warning
2026-06-17T01:53:59.751+05:30  INFO 10776 --- [food-delivery-system] [restartedMain] eAuthenticationProviderManagerConfigurer : Global AuthenticationManager configured with AuthenticationProvider bean with name authenticationProvider
2026-06-17T01:53:59.751+05:30  WARN 10776 --- [food-delivery-system] [restartedMain] r$InitializeUserDetailsManagerConfigurer : Global AuthenticationManager configured with an AuthenticationProvider bean. UserDetailsService beans will not be used by Spring Security for automatically configuring username/password login. Consider removing the AuthenticationProvider bean. Alternatively, consider using the UserDetailsService in a manually instantiated DaoAuthenticationProvider. If the current configuration is intentional, to turn off this warning, increase the logging level of 'org.springframework.security.config.annotation.authentication.configuration.InitializeUserDetailsBeanManagerConfigurer' to ERROR
2026-06-17T01:54:00.841+05:30  INFO 10776 --- [food-delivery-system] [restartedMain] o.s.b.d.a.OptionalLiveReloadServer       : LiveReload server is running on port 35729
2026-06-17T01:54:00.906+05:30  INFO 10776 --- [food-delivery-system] [restartedMain] o.a.k.clients.admin.AdminClientConfig    : AdminClientConfig values: 
	auto.include.jmx.reporter = true
	bootstrap.controllers = []
	bootstrap.servers = [localhost:9092]
	client.dns.lookup = use_all_dns_ips
	client.id = food-delivery-system-admin-0
	connections.max.idle.ms = 300000
	default.api.timeout.ms = 60000
	enable.metrics.push = true
	metadata.max.age.ms = 300000
	metadata.recovery.strategy = none
	metric.reporters = []
	metrics.num.samples = 2
	metrics.recording.level = INFO
	metrics.sample.window.ms = 30000
	receive.buffer.bytes = 65536
	reconnect.backoff.max.ms = 1000
	reconnect.backoff.ms = 50
	request.timeout.ms = 30000
	retries = 2147483647
	retry.backoff.max.ms = 1000
	retry.backoff.ms = 100
	sasl.client.callback.handler.class = null
	sasl.jaas.config = null
	sasl.kerberos.kinit.cmd = /usr/bin/kinit
	sasl.kerberos.min.time.before.relogin = 60000
	sasl.kerberos.service.name = null
	sasl.kerberos.ticket.renew.jitter = 0.05
	sasl.kerberos.ticket.renew.window.factor = 0.8
	sasl.login.callback.handler.class = null
	sasl.login.class = null
	sasl.login.connect.timeout.ms = null
	sasl.login.read.timeout.ms = null
	sasl.login.refresh.buffer.seconds = 300
	sasl.login.refresh.min.period.seconds = 60
	sasl.login.refresh.window.factor = 0.8
	sasl.login.refresh.window.jitter = 0.05
	sasl.login.retry.backoff.max.ms = 10000
	sasl.login.retry.backoff.ms = 100
	sasl.mechanism = GSSAPI
	sasl.oauthbearer.clock.skew.seconds = 30
	sasl.oauthbearer.expected.audience = null
	sasl.oauthbearer.expected.issuer = null
	sasl.oauthbearer.header.urlencode = false
	sasl.oauthbearer.jwks.endpoint.refresh.ms = 3600000
	sasl.oauthbearer.jwks.endpoint.retry.backoff.max.ms = 10000
	sasl.oauthbearer.jwks.endpoint.retry.backoff.ms = 100
	sasl.oauthbearer.jwks.endpoint.url = null
	sasl.oauthbearer.scope.claim.name = scope
	sasl.oauthbearer.sub.claim.name = sub
	sasl.oauthbearer.token.endpoint.url = null
	security.protocol = PLAINTEXT
	security.providers = null
	send.buffer.bytes = 131072
	socket.connection.setup.timeout.max.ms = 30000
	socket.connection.setup.timeout.ms = 10000
	ssl.cipher.suites = null
	ssl.enabled.protocols = [TLSv1.2, TLSv1.3]
	ssl.endpoint.identification.algorithm = https
	ssl.engine.factory.class = null
	ssl.key.password = null
	ssl.keymanager.algorithm = SunX509
	ssl.keystore.certificate.chain = null
	ssl.keystore.key = null
	ssl.keystore.location = null
	ssl.keystore.password = null
	ssl.keystore.type = JKS
	ssl.protocol = TLSv1.3
	ssl.provider = null
	ssl.secure.random.implementation = null
	ssl.trustmanager.algorithm = PKIX
	ssl.truststore.certificates = null
	ssl.truststore.location = null
	ssl.truststore.password = null
	ssl.truststore.type = JKS

2026-06-17T01:54:01.083+05:30  INFO 10776 --- [food-delivery-system] [restartedMain] o.a.kafka.common.utils.AppInfoParser     : Kafka version: 3.9.2
2026-06-17T01:54:01.084+05:30  INFO 10776 --- [food-delivery-system] [restartedMain] o.a.kafka.common.utils.AppInfoParser     : Kafka commitId: 5e9866f43ab8e7e4
2026-06-17T01:54:01.084+05:30  INFO 10776 --- [food-delivery-system] [restartedMain] o.a.kafka.common.utils.AppInfoParser     : Kafka startTimeMs: 1781641441081
2026-06-17T01:54:01.535+05:30  INFO 10776 --- [food-delivery-system] [kafka-admin-client-thread | food-delivery-system-admin-0] o.a.kafka.common.utils.AppInfoParser     : App info kafka.admin.client for food-delivery-system-admin-0 unregistered
2026-06-17T01:54:01.540+05:30  INFO 10776 --- [food-delivery-system] [kafka-admin-client-thread | food-delivery-system-admin-0] o.apache.kafka.common.metrics.Metrics    : Metrics scheduler closed
2026-06-17T01:54:01.540+05:30  INFO 10776 --- [food-delivery-system] [kafka-admin-client-thread | food-delivery-system-admin-0] o.apache.kafka.common.metrics.Metrics    : Closing reporter org.apache.kafka.common.metrics.JmxReporter
2026-06-17T01:54:01.540+05:30  INFO 10776 --- [food-delivery-system] [kafka-admin-client-thread | food-delivery-system-admin-0] o.apache.kafka.common.metrics.Metrics    : Metrics reporters closed
2026-06-17T01:54:01.555+05:30  INFO 10776 --- [food-delivery-system] [restartedMain] o.s.b.w.embedded.tomcat.TomcatWebServer  : Tomcat started on port 8080 (http) with context path '/'
2026-06-17T01:54:01.559+05:30  INFO 10776 --- [food-delivery-system] [restartedMain] o.s.a.r.c.CachingConnectionFactory       : Attempting to connect to: [localhost:5672]
2026-06-17T01:54:01.633+05:30  INFO 10776 --- [food-delivery-system] [restartedMain] o.s.a.r.c.CachingConnectionFactory       : Created new connection: rabbitConnectionFactory#2d804e2a:0/SimpleConnection@7500e2a0 [delegate=amqp://guest@127.0.0.1:5672/, localPort=57212]
2026-06-17T01:54:01.704+05:30  INFO 10776 --- [food-delivery-system] [restartedMain] c.b.f.FoodDeliverySystemApplication      : Started FoodDeliverySystemApplication in 11.276 seconds (process running for 12.033)
2026-06-17T01:54:01.707+05:30  INFO 10776 --- [food-delivery-system] [scheduling-1] c.b.f.service.OrderSchedulerService      : [SCHEDULER] Checking for unpaid orders...
2026-06-17T01:54:01.828+05:30  INFO 10776 --- [food-delivery-system] [scheduling-1] c.b.f.service.OrderSchedulerService      : [SCHEDULER] No unpaid orders found.
2026-06-17T01:54:08.498+05:30  INFO 10776 --- [food-delivery-system] [http-nio-8080-exec-1] o.a.c.c.C.[Tomcat].[localhost].[/]       : Initializing Spring DispatcherServlet 'dispatcherServlet'
2026-06-17T01:54:08.498+05:30  INFO 10776 --- [food-delivery-system] [http-nio-8080-exec-1] o.s.web.servlet.DispatcherServlet        : Initializing Servlet 'dispatcherServlet'
2026-06-17T01:54:08.503+05:30  INFO 10776 --- [food-delivery-system] [http-nio-8080-exec-1] o.s.web.servlet.DispatcherServlet        : Completed initialization in 5 ms
2026-06-17T01:54:08.771+05:30  INFO 10776 --- [food-delivery-system] [http-nio-8080-exec-1] c.b.f.service.UserService                : Login attempt for email: giri@gmail.com
2026-06-17T01:54:09.028+05:30  INFO 10776 --- [food-delivery-system] [http-nio-8080-exec-1] c.b.f.service.UserService                : Login successful for: giri@gmail.com
2026-06-17T01:54:12.277+05:30  INFO 10776 --- [food-delivery-system] [http-nio-8080-exec-7] c.b.f.service.UserService                : Login attempt for email: giri@gmail.com
2026-06-17T01:54:12.882+05:30  INFO 10776 --- [food-delivery-system] [http-nio-8080-exec-7] c.b.f.service.UserService                : Login successful for: giri@gmail.com
2026-06-17T01:54:33.177+05:30  INFO 10776 --- [food-delivery-system] [http-nio-8080-exec-10] c.b.f.service.RestaurantService          : Fetching approved restaurants
2026-06-17T01:54:33.210+05:30 ERROR 10776 --- [food-delivery-system] [http-nio-8080-exec-10] o.a.c.c.C.[.[.[/].[dispatcherServlet]    : Servlet.service() for servlet [dispatcherServlet] in context with path [] threw exception [Request processing failed: org.springframework.data.redis.serializer.SerializationException: Could not write JSON: Java 8 date/time type `java.time.LocalTime` not supported by default: add Module "com.fasterxml.jackson.datatype:jackson-datatype-jsr310" to enable handling (or disable `MapperFeature.REQUIRE_HANDLERS_FOR_JAVA8_TIMES`) (through reference chain: java.util.ArrayList[0]->com.balu.food_delivery_system.dto.RestaurantResponseDTO["openingTime"])] with root cause

com.fasterxml.jackson.databind.exc.InvalidDefinitionException: Java 8 date/time type `java.time.LocalTime` not supported by default: add Module "com.fasterxml.jackson.datatype:jackson-datatype-jsr310" to enable handling (or disable `MapperFeature.REQUIRE_HANDLERS_FOR_JAVA8_TIMES`) (through reference chain: java.util.ArrayList[0]->com.balu.food_delivery_system.dto.RestaurantResponseDTO["openingTime"])
	at com.fasterxml.jackson.databind.exc.InvalidDefinitionException.from(InvalidDefinitionException.java:77) ~[jackson-databind-2.21.2.jar:2.21.2]
	at com.fasterxml.jackson.databind.SerializerProvider.reportBadDefinition(SerializerProvider.java:1359) ~[jackson-databind-2.21.2.jar:2.21.2]
	at com.fasterxml.jackson.databind.ser.impl.UnsupportedTypeSerializer.serialize(UnsupportedTypeSerializer.java:34) ~[jackson-databind-2.21.2.jar:2.21.2]
	at com.fasterxml.jackson.databind.ser.BeanPropertyWriter.serializeAsField(BeanPropertyWriter.java:732) ~[jackson-databind-2.21.2.jar:2.21.2]
	at com.fasterxml.jackson.databind.ser.std.BeanSerializerBase.serializeFields(BeanSerializerBase.java:760) ~[jackson-databind-2.21.2.jar:2.21.2]
	at com.fasterxml.jackson.databind.ser.std.BeanSerializerBase.serializeWithType(BeanSerializerBase.java:643) ~[jackson-databind-2.21.2.jar:2.21.2]
	at com.fasterxml.jackson.databind.ser.impl.IndexedListSerializer.serializeTypedContents(IndexedListSerializer.java:181) ~[jackson-databind-2.21.2.jar:2.21.2]
	at com.fasterxml.jackson.databind.ser.impl.IndexedListSerializer.serializeContents(IndexedListSerializer.java:92) ~[jackson-databind-2.21.2.jar:2.21.2]
	at com.fasterxml.jackson.databind.ser.impl.IndexedListSerializer.serializeContents(IndexedListSerializer.java:18) ~[jackson-databind-2.21.2.jar:2.21.2]
	at com.fasterxml.jackson.databind.ser.std.AsArraySerializerBase.serializeWithType(AsArraySerializerBase.java:265) ~[jackson-databind-2.21.2.jar:2.21.2]
	at com.fasterxml.jackson.databind.ser.impl.TypeWrappedSerializer.serialize(TypeWrappedSerializer.java:32) ~[jackson-databind-2.21.2.jar:2.21.2]
	at com.fasterxml.jackson.databind.ser.DefaultSerializerProvider._serialize(DefaultSerializerProvider.java:503) ~[jackson-databind-2.21.2.jar:2.21.2]
	at com.fasterxml.jackson.databind.ser.DefaultSerializerProvider.serializeValue(DefaultSerializerProvider.java:342) ~[jackson-databind-2.21.2.jar:2.21.2]
	at com.fasterxml.jackson.databind.ObjectMapper._writeValueAndClose(ObjectMapper.java:4938) ~[jackson-databind-2.21.2.jar:2.21.2]
	at com.fasterxml.jackson.databind.ObjectMapper.writeValueAsBytes(ObjectMapper.java:4171) ~[jackson-databind-2.21.2.jar:2.21.2]
	at org.springframework.data.redis.serializer.GenericJackson2JsonRedisSerializer.serialize(GenericJackson2JsonRedisSerializer.java:272) ~[spring-data-redis-3.5.11.jar:3.5.11]
	at org.springframework.data.redis.serializer.DefaultRedisElementWriter.write(DefaultRedisElementWriter.java:42) ~[spring-data-redis-3.5.11.jar:3.5.11]
	at org.springframework.data.redis.serializer.RedisSerializationContext$SerializationPair.write(RedisSerializationContext.java:292) ~[spring-data-redis-3.5.11.jar:3.5.11]
	at org.springframework.data.redis.cache.RedisCache.serializeCacheValue(RedisCache.java:343) ~[spring-data-redis-3.5.11.jar:3.5.11]
	at org.springframework.data.redis.cache.RedisCache.put(RedisCache.java:204) ~[spring-data-redis-3.5.11.jar:3.5.11]
	at org.springframework.cache.interceptor.AbstractCacheInvoker.doPut(AbstractCacheInvoker.java:157) ~[spring-context-6.2.18.jar:6.2.18]
	at org.springframework.cache.interceptor.CacheAspectSupport$CachePutRequest.performCachePut(CacheAspectSupport.java:1089) ~[spring-context-6.2.18.jar:6.2.18]
	at org.springframework.cache.interceptor.CacheAspectSupport$CachePutRequest.apply(CacheAspectSupport.java:1074) ~[spring-context-6.2.18.jar:6.2.18]
	at org.springframework.cache.interceptor.CacheAspectSupport.evaluate(CacheAspectSupport.java:618) ~[spring-context-6.2.18.jar:6.2.18]
	at org.springframework.cache.interceptor.CacheAspectSupport.execute(CacheAspectSupport.java:450) ~[spring-context-6.2.18.jar:6.2.18]
	at org.springframework.cache.interceptor.CacheAspectSupport.execute(CacheAspectSupport.java:412) ~[spring-context-6.2.18.jar:6.2.18]
	at org.springframework.cache.interceptor.CacheInterceptor.invoke(CacheInterceptor.java:65) ~[spring-context-6.2.18.jar:6.2.18]
	at org.springframework.aop.framework.ReflectiveMethodInvocation.proceed(ReflectiveMethodInvocation.java:184) ~[spring-aop-6.2.18.jar:6.2.18]
	at org.springframework.aop.framework.CglibAopProxy$DynamicAdvisedInterceptor.intercept(CglibAopProxy.java:728) ~[spring-aop-6.2.18.jar:6.2.18]
	at com.balu.food_delivery_system.service.RestaurantService$$SpringCGLIB$$0.getApprovedRestaurants(<generated>) ~[classes/:na]
	at com.balu.food_delivery_system.controller.RestaurantController.getApprovedRestaurants(RestaurantController.java:57) ~[classes/:na]
	at java.base/jdk.internal.reflect.DirectMethodHandleAccessor.invoke(DirectMethodHandleAccessor.java:104) ~[na:na]
	at java.base/java.lang.reflect.Method.invoke(Method.java:565) ~[na:na]
	at org.springframework.aop.support.AopUtils.invokeJoinpointUsingReflection(AopUtils.java:360) ~[spring-aop-6.2.18.jar:6.2.18]
	at org.springframework.aop.framework.CglibAopProxy$DynamicAdvisedInterceptor.intercept(CglibAopProxy.java:724) ~[spring-aop-6.2.18.jar:6.2.18]
	at com.balu.food_delivery_system.controller.RestaurantController$$SpringCGLIB$$0.getApprovedRestaurants(<generated>) ~[classes/:na]
	at java.base/jdk.internal.reflect.DirectMethodHandleAccessor.invoke(DirectMethodHandleAccessor.java:104) ~[na:na]
	at java.base/java.lang.reflect.Method.invoke(Method.java:565) ~[na:na]
	at org.springframework.web.method.support.InvocableHandlerMethod.doInvoke(InvocableHandlerMethod.java:258) ~[spring-web-6.2.18.jar:6.2.18]
	at org.springframework.web.method.support.InvocableHandlerMethod.invokeForRequest(InvocableHandlerMethod.java:191) ~[spring-web-6.2.18.jar:6.2.18]
	at org.springframework.web.servlet.mvc.method.annotation.ServletInvocableHandlerMethod.invokeAndHandle(ServletInvocableHandlerMethod.java:118) ~[spring-webmvc-6.2.18.jar:6.2.18]
	at org.springframework.web.servlet.mvc.method.annotation.RequestMappingHandlerAdapter.invokeHandlerMethod(RequestMappingHandlerAdapter.java:991) ~[spring-webmvc-6.2.18.jar:6.2.18]
	at org.springframework.web.servlet.mvc.method.annotation.RequestMappingHandlerAdapter.handleInternal(RequestMappingHandlerAdapter.java:896) ~[spring-webmvc-6.2.18.jar:6.2.18]
	at org.springframework.web.servlet.mvc.method.AbstractHandlerMethodAdapter.handle(AbstractHandlerMethodAdapter.java:87) ~[spring-webmvc-6.2.18.jar:6.2.18]
	at org.springframework.web.servlet.DispatcherServlet.doDispatch(DispatcherServlet.java:1089) ~[spring-webmvc-6.2.18.jar:6.2.18]
	at org.springframework.web.servlet.DispatcherServlet.doService(DispatcherServlet.java:979) ~[spring-webmvc-6.2.18.jar:6.2.18]
	at org.springframework.web.servlet.FrameworkServlet.processRequest(FrameworkServlet.java:1014) ~[spring-webmvc-6.2.18.jar:6.2.18]
	at org.springframework.web.servlet.FrameworkServlet.doGet(FrameworkServlet.java:903) ~[spring-webmvc-6.2.18.jar:6.2.18]
	at jakarta.servlet.http.HttpServlet.service(HttpServlet.java:564) ~[tomcat-embed-core-10.1.54.jar:6.0]
	at org.springframework.web.servlet.FrameworkServlet.service(FrameworkServlet.java:885) ~[spring-webmvc-6.2.18.jar:6.2.18]
	at jakarta.servlet.http.HttpServlet.service(HttpServlet.java:658) ~[tomcat-embed-core-10.1.54.jar:6.0]
	at org.apache.catalina.core.ApplicationFilterChain.internalDoFilter(ApplicationFilterChain.java:193) ~[tomcat-embed-core-10.1.54.jar:10.1.54]
	at org.apache.catalina.core.ApplicationFilterChain.doFilter(ApplicationFilterChain.java:138) ~[tomcat-embed-core-10.1.54.jar:10.1.54]
	at org.apache.tomcat.websocket.server.WsFilter.doFilter(WsFilter.java:51) ~[tomcat-embed-websocket-10.1.54.jar:10.1.54]
	at org.apache.catalina.core.ApplicationFilterChain.internalDoFilter(ApplicationFilterChain.java:162) ~[tomcat-embed-core-10.1.54.jar:10.1.54]
	at org.apache.catalina.core.ApplicationFilterChain.doFilter(ApplicationFilterChain.java:138) ~[tomcat-embed-core-10.1.54.jar:10.1.54]
	at org.springframework.web.filter.OncePerRequestFilter.doFilter(OncePerRequestFilter.java:110) ~[spring-web-6.2.18.jar:6.2.18]
	at org.apache.catalina.core.ApplicationFilterChain.internalDoFilter(ApplicationFilterChain.java:162) ~[tomcat-embed-core-10.1.54.jar:10.1.54]
	at org.apache.catalina.core.ApplicationFilterChain.doFilter(ApplicationFilterChain.java:138) ~[tomcat-embed-core-10.1.54.jar:10.1.54]
	at org.springframework.web.filter.CompositeFilter$VirtualFilterChain.doFilter(CompositeFilter.java:108) ~[spring-web-6.2.18.jar:6.2.18]
	at org.springframework.web.filter.CompositeFilter$VirtualFilterChain.doFilter(CompositeFilter.java:108) ~[spring-web-6.2.18.jar:6.2.18]
	at org.springframework.security.web.FilterChainProxy.lambda$doFilterInternal$3(FilterChainProxy.java:231) ~[spring-security-web-6.5.10.jar:6.5.10]
	at org.springframework.security.web.FilterChainProxy$VirtualFilterChain.doFilter(FilterChainProxy.java:370) ~[spring-security-web-6.5.10.jar:6.5.10]
	at org.springframework.security.web.access.intercept.AuthorizationFilter.doFilter(AuthorizationFilter.java:101) ~[spring-security-web-6.5.10.jar:6.5.10]
	at org.springframework.security.web.FilterChainProxy$VirtualFilterChain.doFilter(FilterChainProxy.java:379) ~[spring-security-web-6.5.10.jar:6.5.10]
	at org.springframework.security.web.access.ExceptionTranslationFilter.doFilter(ExceptionTranslationFilter.java:125) ~[spring-security-web-6.5.10.jar:6.5.10]
	at org.springframework.security.web.access.ExceptionTranslationFilter.doFilter(ExceptionTranslationFilter.java:119) ~[spring-security-web-6.5.10.jar:6.5.10]
	at org.springframework.security.web.FilterChainProxy$VirtualFilterChain.doFilter(FilterChainProxy.java:379) ~[spring-security-web-6.5.10.jar:6.5.10]
	at org.springframework.security.web.session.SessionManagementFilter.doFilter(SessionManagementFilter.java:131) ~[spring-security-web-6.5.10.jar:6.5.10]
	at org.springframework.security.web.session.SessionManagementFilter.doFilter(SessionManagementFilter.java:85) ~[spring-security-web-6.5.10.jar:6.5.10]
	at org.springframework.security.web.FilterChainProxy$VirtualFilterChain.doFilter(FilterChainProxy.java:379) ~[spring-security-web-6.5.10.jar:6.5.10]
	at org.springframework.security.web.authentication.AnonymousAuthenticationFilter.doFilter(AnonymousAuthenticationFilter.java:100) ~[spring-security-web-6.5.10.jar:6.5.10]
	at org.springframework.security.web.FilterChainProxy$VirtualFilterChain.doFilter(FilterChainProxy.java:379) ~[spring-security-web-6.5.10.jar:6.5.10]
	at org.springframework.security.web.servletapi.SecurityContextHolderAwareRequestFilter.doFilter(SecurityContextHolderAwareRequestFilter.java:179) ~[spring-security-web-6.5.10.jar:6.5.10]
	at org.springframework.security.web.FilterChainProxy$VirtualFilterChain.doFilter(FilterChainProxy.java:379) ~[spring-security-web-6.5.10.jar:6.5.10]
	at org.springframework.security.web.savedrequest.RequestCacheAwareFilter.doFilter(RequestCacheAwareFilter.java:63) ~[spring-security-web-6.5.10.jar:6.5.10]
	at org.springframework.security.web.FilterChainProxy$VirtualFilterChain.doFilter(FilterChainProxy.java:379) ~[spring-security-web-6.5.10.jar:6.5.10]
	at com.balu.food_delivery_system.security.JwtFilter.doFilterInternal(JwtFilter.java:69) ~[classes/:na]
	at org.springframework.web.filter.OncePerRequestFilter.doFilter(OncePerRequestFilter.java:116) ~[spring-web-6.2.18.jar:6.2.18]
	at org.springframework.security.web.FilterChainProxy$VirtualFilterChain.doFilter(FilterChainProxy.java:379) ~[spring-security-web-6.5.10.jar:6.5.10]
	at org.springframework.security.web.authentication.logout.LogoutFilter.doFilter(LogoutFilter.java:107) ~[spring-security-web-6.5.10.jar:6.5.10]
	at org.springframework.security.web.authentication.logout.LogoutFilter.doFilter(LogoutFilter.java:93) ~[spring-security-web-6.5.10.jar:6.5.10]
	at org.springframework.security.web.FilterChainProxy$VirtualFilterChain.doFilter(FilterChainProxy.java:379) ~[spring-security-web-6.5.10.jar:6.5.10]
	at org.springframework.security.web.header.HeaderWriterFilter.doHeadersAfter(HeaderWriterFilter.java:90) ~[spring-security-web-6.5.10.jar:6.5.10]
	at org.springframework.security.web.header.HeaderWriterFilter.doFilterInternal(HeaderWriterFilter.java:75) ~[spring-security-web-6.5.10.jar:6.5.10]
	at org.springframework.web.filter.OncePerRequestFilter.doFilter(OncePerRequestFilter.java:116) ~[spring-web-6.2.18.jar:6.2.18]
	at org.springframework.security.web.FilterChainProxy$VirtualFilterChain.doFilter(FilterChainProxy.java:379) ~[spring-security-web-6.5.10.jar:6.5.10]
	at org.springframework.security.web.context.SecurityContextHolderFilter.doFilter(SecurityContextHolderFilter.java:82) ~[spring-security-web-6.5.10.jar:6.5.10]
	at org.springframework.security.web.context.SecurityContextHolderFilter.doFilter(SecurityContextHolderFilter.java:69) ~[spring-security-web-6.5.10.jar:6.5.10]
	at org.springframework.security.web.FilterChainProxy$VirtualFilterChain.doFilter(FilterChainProxy.java:379) ~[spring-security-web-6.5.10.jar:6.5.10]
	at org.springframework.security.web.context.request.async.WebAsyncManagerIntegrationFilter.doFilterInternal(WebAsyncManagerIntegrationFilter.java:62) ~[spring-security-web-6.5.10.jar:6.5.10]
	at org.springframework.web.filter.OncePerRequestFilter.doFilter(OncePerRequestFilter.java:116) ~[spring-web-6.2.18.jar:6.2.18]
	at org.springframework.security.web.FilterChainProxy$VirtualFilterChain.doFilter(FilterChainProxy.java:379) ~[spring-security-web-6.5.10.jar:6.5.10]
	at org.springframework.security.web.session.DisableEncodeUrlFilter.doFilterInternal(DisableEncodeUrlFilter.java:42) ~[spring-security-web-6.5.10.jar:6.5.10]
	at org.springframework.web.filter.OncePerRequestFilter.doFilter(OncePerRequestFilter.java:116) ~[spring-web-6.2.18.jar:6.2.18]
	at org.springframework.security.web.FilterChainProxy$VirtualFilterChain.doFilter(FilterChainProxy.java:379) ~[spring-security-web-6.5.10.jar:6.5.10]
	at org.springframework.security.web.FilterChainProxy.doFilterInternal(FilterChainProxy.java:233) ~[spring-security-web-6.5.10.jar:6.5.10]
	at org.springframework.security.web.FilterChainProxy.doFilter(FilterChainProxy.java:191) ~[spring-security-web-6.5.10.jar:6.5.10]
	at org.springframework.web.filter.CompositeFilter$VirtualFilterChain.doFilter(CompositeFilter.java:113) ~[spring-web-6.2.18.jar:6.2.18]
	at org.springframework.web.filter.ServletRequestPathFilter.doFilter(ServletRequestPathFilter.java:52) ~[spring-web-6.2.18.jar:6.2.18]
	at org.springframework.web.filter.CompositeFilter$VirtualFilterChain.doFilter(CompositeFilter.java:113) ~[spring-web-6.2.18.jar:6.2.18]
	at org.springframework.web.filter.CompositeFilter.doFilter(CompositeFilter.java:74) ~[spring-web-6.2.18.jar:6.2.18]
	at org.springframework.security.config.annotation.web.configuration.WebSecurityConfiguration$CompositeFilterChainProxy.doFilter(WebSecurityConfiguration.java:319) ~[spring-security-config-6.5.10.jar:6.5.10]
	at org.springframework.web.filter.CompositeFilter$VirtualFilterChain.doFilter(CompositeFilter.java:113) ~[spring-web-6.2.18.jar:6.2.18]
	at org.springframework.web.servlet.handler.HandlerMappingIntrospector.lambda$createCacheFilter$4(HandlerMappingIntrospector.java:267) ~[spring-webmvc-6.2.18.jar:6.2.18]
	at org.springframework.web.filter.CompositeFilter$VirtualFilterChain.doFilter(CompositeFilter.java:113) ~[spring-web-6.2.18.jar:6.2.18]
	at org.springframework.web.filter.CompositeFilter.doFilter(CompositeFilter.java:74) ~[spring-web-6.2.18.jar:6.2.18]
	at org.springframework.security.config.annotation.web.configuration.WebMvcSecurityConfiguration$CompositeFilterChainProxy.doFilter(WebMvcSecurityConfiguration.java:240) ~[spring-security-config-6.5.10.jar:6.5.10]
	at org.springframework.web.filter.DelegatingFilterProxy.invokeDelegate(DelegatingFilterProxy.java:362) ~[spring-web-6.2.18.jar:6.2.18]
	at org.springframework.web.filter.DelegatingFilterProxy.doFilter(DelegatingFilterProxy.java:278) ~[spring-web-6.2.18.jar:6.2.18]
	at org.apache.catalina.core.ApplicationFilterChain.internalDoFilter(ApplicationFilterChain.java:162) ~[tomcat-embed-core-10.1.54.jar:10.1.54]
	at org.apache.catalina.core.ApplicationFilterChain.doFilter(ApplicationFilterChain.java:138) ~[tomcat-embed-core-10.1.54.jar:10.1.54]
	at org.springframework.web.filter.RequestContextFilter.doFilterInternal(RequestContextFilter.java:100) ~[spring-web-6.2.18.jar:6.2.18]
	at org.springframework.web.filter.OncePerRequestFilter.doFilter(OncePerRequestFilter.java:116) ~[spring-web-6.2.18.jar:6.2.18]
	at org.apache.catalina.core.ApplicationFilterChain.internalDoFilter(ApplicationFilterChain.java:162) ~[tomcat-embed-core-10.1.54.jar:10.1.54]
	at org.apache.catalina.core.ApplicationFilterChain.doFilter(ApplicationFilterChain.java:138) ~[tomcat-embed-core-10.1.54.jar:10.1.54]
	at org.springframework.web.filter.FormContentFilter.doFilterInternal(FormContentFilter.java:93) ~[spring-web-6.2.18.jar:6.2.18]
	at org.springframework.web.filter.OncePerRequestFilter.doFilter(OncePerRequestFilter.java:116) ~[spring-web-6.2.18.jar:6.2.18]
	at org.apache.catalina.core.ApplicationFilterChain.internalDoFilter(ApplicationFilterChain.java:162) ~[tomcat-embed-core-10.1.54.jar:10.1.54]
	at org.apache.catalina.core.ApplicationFilterChain.doFilter(ApplicationFilterChain.java:138) ~[tomcat-embed-core-10.1.54.jar:10.1.54]
	at org.springframework.web.filter.CharacterEncodingFilter.doFilterInternal(CharacterEncodingFilter.java:201) ~[spring-web-6.2.18.jar:6.2.18]
	at org.springframework.web.filter.OncePerRequestFilter.doFilter(OncePerRequestFilter.java:116) ~[spring-web-6.2.18.jar:6.2.18]
	at org.apache.catalina.core.ApplicationFilterChain.internalDoFilter(ApplicationFilterChain.java:162) ~[tomcat-embed-core-10.1.54.jar:10.1.54]
	at org.apache.catalina.core.ApplicationFilterChain.doFilter(ApplicationFilterChain.java:138) ~[tomcat-embed-core-10.1.54.jar:10.1.54]
	at org.apache.catalina.core.StandardWrapperValve.invoke(StandardWrapperValve.java:165) ~[tomcat-embed-core-10.1.54.jar:10.1.54]
	at org.apache.catalina.core.StandardContextValve.invoke(StandardContextValve.java:88) ~[tomcat-embed-core-10.1.54.jar:10.1.54]
	at org.apache.catalina.authenticator.AuthenticatorBase.invoke(AuthenticatorBase.java:492) ~[tomcat-embed-core-10.1.54.jar:10.1.54]
	at org.apache.catalina.core.StandardHostValve.invoke(StandardHostValve.java:113) ~[tomcat-embed-core-10.1.54.jar:10.1.54]
	at org.apache.catalina.valves.ErrorReportValve.invoke(ErrorReportValve.java:83) ~[tomcat-embed-core-10.1.54.jar:10.1.54]
	at org.apache.catalina.core.StandardEngineValve.invoke(StandardEngineValve.java:72) ~[tomcat-embed-core-10.1.54.jar:10.1.54]
	at org.apache.catalina.connector.CoyoteAdapter.service(CoyoteAdapter.java:342) ~[tomcat-embed-core-10.1.54.jar:10.1.54]
	at org.apache.coyote.http11.Http11Processor.service(Http11Processor.java:399) ~[tomcat-embed-core-10.1.54.jar:10.1.54]
	at org.apache.coyote.AbstractProcessorLight.process(AbstractProcessorLight.java:63) ~[tomcat-embed-core-10.1.54.jar:10.1.54]
	at org.apache.coyote.AbstractProtocol$ConnectionHandler.process(AbstractProtocol.java:903) ~[tomcat-embed-core-10.1.54.jar:10.1.54]
	at org.apache.tomcat.util.net.NioEndpoint$SocketProcessor.doRun(NioEndpoint.java:1797) ~[tomcat-embed-core-10.1.54.jar:10.1.54]
	at org.apache.tomcat.util.net.SocketProcessorBase.run(SocketProcessorBase.java:52) ~[tomcat-embed-core-10.1.54.jar:10.1.54]
	at org.apache.tomcat.util.threads.ThreadPoolExecutor.runWorker(ThreadPoolExecutor.java:973) ~[tomcat-embed-core-10.1.54.jar:10.1.54]
	at org.apache.tomcat.util.threads.ThreadPoolExecutor$Worker.run(ThreadPoolExecutor.java:491) ~[tomcat-embed-core-10.1.54.jar:10.1.54]
	at org.apache.tomcat.util.threads.TaskThread$WrappingRunnable.run(TaskThread.java:63) ~[tomcat-embed-core-10.1.54.jar:10.1.54]
	at java.base/java.lang.Thread.run(Thread.java:1474) ~[na:na]

2026-06-17T01:54:34.457+05:30  INFO 10776 --- [food-delivery-system] [http-nio-8080-exec-5] c.b.f.service.RestaurantService          : Fetching approved restaurants
2026-06-17T01:54:34.469+05:30 ERROR 10776 --- [food-delivery-system] [http-nio-8080-exec-5] o.a.c.c.C.[.[.[/].[dispatcherServlet]    : Servlet.service() for servlet [dispatcherServlet] in context with path [] threw exception [Request processing failed: org.springframework.data.redis.serializer.SerializationException: Could not write JSON: Java 8 date/time type `java.time.LocalTime` not supported by default: add Module "com.fasterxml.jackson.datatype:jackson-datatype-jsr310" to enable handling (or disable `MapperFeature.REQUIRE_HANDLERS_FOR_JAVA8_TIMES`) (through reference chain: java.util.ArrayList[0]->com.balu.food_delivery_system.dto.RestaurantResponseDTO["openingTime"])] with root cause

com.fasterxml.jackson.databind.exc.InvalidDefinitionException: Java 8 date/time type `java.time.LocalTime` not supported by default: add Module "com.fasterxml.jackson.datatype:jackson-datatype-jsr310" to enable handling (or disable `MapperFeature.REQUIRE_HANDLERS_FOR_JAVA8_TIMES`) (through reference chain: java.util.ArrayList[0]->com.balu.food_delivery_system.dto.RestaurantResponseDTO["openingTime"])
	at com.fasterxml.jackson.databind.exc.InvalidDefinitionException.from(InvalidDefinitionException.java:77) ~[jackson-databind-2.21.2.jar:2.21.2]
	at com.fasterxml.jackson.databind.SerializerProvider.reportBadDefinition(SerializerProvider.java:1359) ~[jackson-databind-2.21.2.jar:2.21.2]
	at com.fasterxml.jackson.databind.ser.impl.UnsupportedTypeSerializer.serialize(UnsupportedTypeSerializer.java:34) ~[jackson-databind-2.21.2.jar:2.21.2]
	at com.fasterxml.jackson.databind.ser.BeanPropertyWriter.serializeAsField(BeanPropertyWriter.java:732) ~[jackson-databind-2.21.2.jar:2.21.2]
	at com.fasterxml.jackson.databind.ser.std.BeanSerializerBase.serializeFields(BeanSerializerBase.java:760) ~[jackson-databind-2.21.2.jar:2.21.2]
	at com.fasterxml.jackson.databind.ser.std.BeanSerializerBase.serializeWithType(BeanSerializerBase.java:643) ~[jackson-databind-2.21.2.jar:2.21.2]
	at com.fasterxml.jackson.databind.ser.impl.IndexedListSerializer.serializeTypedContents(IndexedListSerializer.java:181) ~[jackson-databind-2.21.2.jar:2.21.2]
	at com.fasterxml.jackson.databind.ser.impl.IndexedListSerializer.serializeContents(IndexedListSerializer.java:92) ~[jackson-databind-2.21.2.jar:2.21.2]
	at com.fasterxml.jackson.databind.ser.impl.IndexedListSerializer.serializeContents(IndexedListSerializer.java:18) ~[jackson-databind-2.21.2.jar:2.21.2]
	at com.fasterxml.jackson.databind.ser.std.AsArraySerializerBase.serializeWithType(AsArraySerializerBase.java:265) ~[jackson-databind-2.21.2.jar:2.21.2]
	at com.fasterxml.jackson.databind.ser.impl.TypeWrappedSerializer.serialize(TypeWrappedSerializer.java:32) ~[jackson-databind-2.21.2.jar:2.21.2]
	at com.fasterxml.jackson.databind.ser.DefaultSerializerProvider._serialize(DefaultSerializerProvider.java:503) ~[jackson-databind-2.21.2.jar:2.21.2]
	at com.fasterxml.jackson.databind.ser.DefaultSerializerProvider.serializeValue(DefaultSerializerProvider.java:342) ~[jackson-databind-2.21.2.jar:2.21.2]
	at com.fasterxml.jackson.databind.ObjectMapper._writeValueAndClose(ObjectMapper.java:4938) ~[jackson-databind-2.21.2.jar:2.21.2]
	at com.fasterxml.jackson.databind.ObjectMapper.writeValueAsBytes(ObjectMapper.java:4171) ~[jackson-databind-2.21.2.jar:2.21.2]
	at org.springframework.data.redis.serializer.GenericJackson2JsonRedisSerializer.serialize(GenericJackson2JsonRedisSerializer.java:272) ~[spring-data-redis-3.5.11.jar:3.5.11]
	at org.springframework.data.redis.serializer.DefaultRedisElementWriter.write(DefaultRedisElementWriter.java:42) ~[spring-data-redis-3.5.11.jar:3.5.11]
	at org.springframework.data.redis.serializer.RedisSerializationContext$SerializationPair.write(RedisSerializationContext.java:292) ~[spring-data-redis-3.5.11.jar:3.5.11]
	at org.springframework.data.redis.cache.RedisCache.serializeCacheValue(RedisCache.java:343) ~[spring-data-redis-3.5.11.jar:3.5.11]
	at org.springframework.data.redis.cache.RedisCache.put(RedisCache.java:204) ~[spring-data-redis-3.5.11.jar:3.5.11]
	at org.springframework.cache.interceptor.AbstractCacheInvoker.doPut(AbstractCacheInvoker.java:157) ~[spring-context-6.2.18.jar:6.2.18]
	at org.springframework.cache.interceptor.CacheAspectSupport$CachePutRequest.performCachePut(CacheAspectSupport.java:1089) ~[spring-context-6.2.18.jar:6.2.18]
	at org.springframework.cache.interceptor.CacheAspectSupport$CachePutRequest.apply(CacheAspectSupport.java:1074) ~[spring-context-6.2.18.jar:6.2.18]
	at org.springframework.cache.interceptor.CacheAspectSupport.evaluate(CacheAspectSupport.java:618) ~[spring-context-6.2.18.jar:6.2.18]
	at org.springframework.cache.interceptor.CacheAspectSupport.execute(CacheAspectSupport.java:450) ~[spring-context-6.2.18.jar:6.2.18]
	at org.springframework.cache.interceptor.CacheAspectSupport.execute(CacheAspectSupport.java:412) ~[spring-context-6.2.18.jar:6.2.18]
	at org.springframework.cache.interceptor.CacheInterceptor.invoke(CacheInterceptor.java:65) ~[spring-context-6.2.18.jar:6.2.18]
	at org.springframework.aop.framework.ReflectiveMethodInvocation.proceed(ReflectiveMethodInvocation.java:184) ~[spring-aop-6.2.18.jar:6.2.18]
	at org.springframework.aop.framework.CglibAopProxy$DynamicAdvisedInterceptor.intercept(CglibAopProxy.java:728) ~[spring-aop-6.2.18.jar:6.2.18]
	at com.balu.food_delivery_system.service.RestaurantService$$SpringCGLIB$$0.getApprovedRestaurants(<generated>) ~[classes/:na]
	at com.balu.food_delivery_system.controller.RestaurantController.getApprovedRestaurants(RestaurantController.java:57) ~[classes/:na]
	at java.base/jdk.internal.reflect.DirectMethodHandleAccessor.invoke(DirectMethodHandleAccessor.java:104) ~[na:na]
	at java.base/java.lang.reflect.Method.invoke(Method.java:565) ~[na:na]
	at org.springframework.aop.support.AopUtils.invokeJoinpointUsingReflection(AopUtils.java:360) ~[spring-aop-6.2.18.jar:6.2.18]
	at org.springframework.aop.framework.CglibAopProxy$DynamicAdvisedInterceptor.intercept(CglibAopProxy.java:724) ~[spring-aop-6.2.18.jar:6.2.18]
	at com.balu.food_delivery_system.controller.RestaurantController$$SpringCGLIB$$0.getApprovedRestaurants(<generated>) ~[classes/:na]
	at java.base/jdk.internal.reflect.DirectMethodHandleAccessor.invoke(DirectMethodHandleAccessor.java:104) ~[na:na]
	at java.base/java.lang.reflect.Method.invoke(Method.java:565) ~[na:na]
	at org.springframework.web.method.support.InvocableHandlerMethod.doInvoke(InvocableHandlerMethod.java:258) ~[spring-web-6.2.18.jar:6.2.18]
	at org.springframework.web.method.support.InvocableHandlerMethod.invokeForRequest(InvocableHandlerMethod.java:191) ~[spring-web-6.2.18.jar:6.2.18]
	at org.springframework.web.servlet.mvc.method.annotation.ServletInvocableHandlerMethod.invokeAndHandle(ServletInvocableHandlerMethod.java:118) ~[spring-webmvc-6.2.18.jar:6.2.18]
	at org.springframework.web.servlet.mvc.method.annotation.RequestMappingHandlerAdapter.invokeHandlerMethod(RequestMappingHandlerAdapter.java:991) ~[spring-webmvc-6.2.18.jar:6.2.18]
	at org.springframework.web.servlet.mvc.method.annotation.RequestMappingHandlerAdapter.handleInternal(RequestMappingHandlerAdapter.java:896) ~[spring-webmvc-6.2.18.jar:6.2.18]
	at org.springframework.web.servlet.mvc.method.AbstractHandlerMethodAdapter.handle(AbstractHandlerMethodAdapter.java:87) ~[spring-webmvc-6.2.18.jar:6.2.18]
	at org.springframework.web.servlet.DispatcherServlet.doDispatch(DispatcherServlet.java:1089) ~[spring-webmvc-6.2.18.jar:6.2.18]
	at org.springframework.web.servlet.DispatcherServlet.doService(DispatcherServlet.java:979) ~[spring-webmvc-6.2.18.jar:6.2.18]
	at org.springframework.web.servlet.FrameworkServlet.processRequest(FrameworkServlet.java:1014) ~[spring-webmvc-6.2.18.jar:6.2.18]
	at org.springframework.web.servlet.FrameworkServlet.doGet(FrameworkServlet.java:903) ~[spring-webmvc-6.2.18.jar:6.2.18]
	at jakarta.servlet.http.HttpServlet.service(HttpServlet.java:564) ~[tomcat-embed-core-10.1.54.jar:6.0]
	at org.springframework.web.servlet.FrameworkServlet.service(FrameworkServlet.java:885) ~[spring-webmvc-6.2.18.jar:6.2.18]
	at jakarta.servlet.http.HttpServlet.service(HttpServlet.java:658) ~[tomcat-embed-core-10.1.54.jar:6.0]
	at org.apache.catalina.core.ApplicationFilterChain.internalDoFilter(ApplicationFilterChain.java:193) ~[tomcat-embed-core-10.1.54.jar:10.1.54]
	at org.apache.catalina.core.ApplicationFilterChain.doFilter(ApplicationFilterChain.java:138) ~[tomcat-embed-core-10.1.54.jar:10.1.54]
	at org.apache.tomcat.websocket.server.WsFilter.doFilter(WsFilter.java:51) ~[tomcat-embed-websocket-10.1.54.jar:10.1.54]
	at org.apache.catalina.core.ApplicationFilterChain.internalDoFilter(ApplicationFilterChain.java:162) ~[tomcat-embed-core-10.1.54.jar:10.1.54]
	at org.apache.catalina.core.ApplicationFilterChain.doFilter(ApplicationFilterChain.java:138) ~[tomcat-embed-core-10.1.54.jar:10.1.54]
	at org.springframework.web.filter.OncePerRequestFilter.doFilter(OncePerRequestFilter.java:110) ~[spring-web-6.2.18.jar:6.2.18]
	at org.apache.catalina.core.ApplicationFilterChain.internalDoFilter(ApplicationFilterChain.java:162) ~[tomcat-embed-core-10.1.54.jar:10.1.54]
	at org.apache.catalina.core.ApplicationFilterChain.doFilter(ApplicationFilterChain.java:138) ~[tomcat-embed-core-10.1.54.jar:10.1.54]
	at org.springframework.web.filter.CompositeFilter$VirtualFilterChain.doFilter(CompositeFilter.java:108) ~[spring-web-6.2.18.jar:6.2.18]
	at org.springframework.web.filter.CompositeFilter$VirtualFilterChain.doFilter(CompositeFilter.java:108) ~[spring-web-6.2.18.jar:6.2.18]
	at org.springframework.security.web.FilterChainProxy.lambda$doFilterInternal$3(FilterChainProxy.java:231) ~[spring-security-web-6.5.10.jar:6.5.10]
	at org.springframework.security.web.FilterChainProxy$VirtualFilterChain.doFilter(FilterChainProxy.java:370) ~[spring-security-web-6.5.10.jar:6.5.10]
	at org.springframework.security.web.access.intercept.AuthorizationFilter.doFilter(AuthorizationFilter.java:101) ~[spring-security-web-6.5.10.jar:6.5.10]
	at org.springframework.security.web.FilterChainProxy$VirtualFilterChain.doFilter(FilterChainProxy.java:379) ~[spring-security-web-6.5.10.jar:6.5.10]
	at org.springframework.security.web.access.ExceptionTranslationFilter.doFilter(ExceptionTranslationFilter.java:125) ~[spring-security-web-6.5.10.jar:6.5.10]
	at org.springframework.security.web.access.ExceptionTranslationFilter.doFilter(ExceptionTranslationFilter.java:119) ~[spring-security-web-6.5.10.jar:6.5.10]
	at org.springframework.security.web.FilterChainProxy$VirtualFilterChain.doFilter(FilterChainProxy.java:379) ~[spring-security-web-6.5.10.jar:6.5.10]
	at org.springframework.security.web.session.SessionManagementFilter.doFilter(SessionManagementFilter.java:131) ~[spring-security-web-6.5.10.jar:6.5.10]
	at org.springframework.security.web.session.SessionManagementFilter.doFilter(SessionManagementFilter.java:85) ~[spring-security-web-6.5.10.jar:6.5.10]
	at org.springframework.security.web.FilterChainProxy$VirtualFilterChain.doFilter(FilterChainProxy.java:379) ~[spring-security-web-6.5.10.jar:6.5.10]
	at org.springframework.security.web.authentication.AnonymousAuthenticationFilter.doFilter(AnonymousAuthenticationFilter.java:100) ~[spring-security-web-6.5.10.jar:6.5.10]
	at org.springframework.security.web.FilterChainProxy$VirtualFilterChain.doFilter(FilterChainProxy.java:379) ~[spring-security-web-6.5.10.jar:6.5.10]
	at org.springframework.security.web.servletapi.SecurityContextHolderAwareRequestFilter.doFilter(SecurityContextHolderAwareRequestFilter.java:179) ~[spring-security-web-6.5.10.jar:6.5.10]
	at org.springframework.security.web.FilterChainProxy$VirtualFilterChain.doFilter(FilterChainProxy.java:379) ~[spring-security-web-6.5.10.jar:6.5.10]
	at org.springframework.security.web.savedrequest.RequestCacheAwareFilter.doFilter(RequestCacheAwareFilter.java:63) ~[spring-security-web-6.5.10.jar:6.5.10]
	at org.springframework.security.web.FilterChainProxy$VirtualFilterChain.doFilter(FilterChainProxy.java:379) ~[spring-security-web-6.5.10.jar:6.5.10]
	at com.balu.food_delivery_system.security.JwtFilter.doFilterInternal(JwtFilter.java:69) ~[classes/:na]
	at org.springframework.web.filter.OncePerRequestFilter.doFilter(OncePerRequestFilter.java:116) ~[spring-web-6.2.18.jar:6.2.18]
	at org.springframework.security.web.FilterChainProxy$VirtualFilterChain.doFilter(FilterChainProxy.java:379) ~[spring-security-web-6.5.10.jar:6.5.10]
	at org.springframework.security.web.authentication.logout.LogoutFilter.doFilter(LogoutFilter.java:107) ~[spring-security-web-6.5.10.jar:6.5.10]
	at org.springframework.security.web.authentication.logout.LogoutFilter.doFilter(LogoutFilter.java:93) ~[spring-security-web-6.5.10.jar:6.5.10]
	at org.springframework.security.web.FilterChainProxy$VirtualFilterChain.doFilter(FilterChainProxy.java:379) ~[spring-security-web-6.5.10.jar:6.5.10]
	at org.springframework.security.web.header.HeaderWriterFilter.doHeadersAfter(HeaderWriterFilter.java:90) ~[spring-security-web-6.5.10.jar:6.5.10]
	at org.springframework.security.web.header.HeaderWriterFilter.doFilterInternal(HeaderWriterFilter.java:75) ~[spring-security-web-6.5.10.jar:6.5.10]
	at org.springframework.web.filter.OncePerRequestFilter.doFilter(OncePerRequestFilter.java:116) ~[spring-web-6.2.18.jar:6.2.18]
	at org.springframework.security.web.FilterChainProxy$VirtualFilterChain.doFilter(FilterChainProxy.java:379) ~[spring-security-web-6.5.10.jar:6.5.10]
	at org.springframework.security.web.context.SecurityContextHolderFilter.doFilter(SecurityContextHolderFilter.java:82) ~[spring-security-web-6.5.10.jar:6.5.10]
	at org.springframework.security.web.context.SecurityContextHolderFilter.doFilter(SecurityContextHolderFilter.java:69) ~[spring-security-web-6.5.10.jar:6.5.10]
	at org.springframework.security.web.FilterChainProxy$VirtualFilterChain.doFilter(FilterChainProxy.java:379) ~[spring-security-web-6.5.10.jar:6.5.10]
	at org.springframework.security.web.context.request.async.WebAsyncManagerIntegrationFilter.doFilterInternal(WebAsyncManagerIntegrationFilter.java:62) ~[spring-security-web-6.5.10.jar:6.5.10]
	at org.springframework.web.filter.OncePerRequestFilter.doFilter(OncePerRequestFilter.java:116) ~[spring-web-6.2.18.jar:6.2.18]
	at org.springframework.security.web.FilterChainProxy$VirtualFilterChain.doFilter(FilterChainProxy.java:379) ~[spring-security-web-6.5.10.jar:6.5.10]
	at org.springframework.security.web.session.DisableEncodeUrlFilter.doFilterInternal(DisableEncodeUrlFilter.java:42) ~[spring-security-web-6.5.10.jar:6.5.10]
	at org.springframework.web.filter.OncePerRequestFilter.doFilter(OncePerRequestFilter.java:116) ~[spring-web-6.2.18.jar:6.2.18]
	at org.springframework.security.web.FilterChainProxy$VirtualFilterChain.doFilter(FilterChainProxy.java:379) ~[spring-security-web-6.5.10.jar:6.5.10]
	at org.springframework.security.web.FilterChainProxy.doFilterInternal(FilterChainProxy.java:233) ~[spring-security-web-6.5.10.jar:6.5.10]
	at org.springframework.security.web.FilterChainProxy.doFilter(FilterChainProxy.java:191) ~[spring-security-web-6.5.10.jar:6.5.10]
	at org.springframework.web.filter.CompositeFilter$VirtualFilterChain.doFilter(CompositeFilter.java:113) ~[spring-web-6.2.18.jar:6.2.18]
	at org.springframework.web.filter.ServletRequestPathFilter.doFilter(ServletRequestPathFilter.java:52) ~[spring-web-6.2.18.jar:6.2.18]
	at org.springframework.web.filter.CompositeFilter$VirtualFilterChain.doFilter(CompositeFilter.java:113) ~[spring-web-6.2.18.jar:6.2.18]
	at org.springframework.web.filter.CompositeFilter.doFilter(CompositeFilter.java:74) ~[spring-web-6.2.18.jar:6.2.18]
	at org.springframework.security.config.annotation.web.configuration.WebSecurityConfiguration$CompositeFilterChainProxy.doFilter(WebSecurityConfiguration.java:319) ~[spring-security-config-6.5.10.jar:6.5.10]
	at org.springframework.web.filter.CompositeFilter$VirtualFilterChain.doFilter(CompositeFilter.java:113) ~[spring-web-6.2.18.jar:6.2.18]
	at org.springframework.web.servlet.handler.HandlerMappingIntrospector.lambda$createCacheFilter$4(HandlerMappingIntrospector.java:267) ~[spring-webmvc-6.2.18.jar:6.2.18]
	at org.springframework.web.filter.CompositeFilter$VirtualFilterChain.doFilter(CompositeFilter.java:113) ~[spring-web-6.2.18.jar:6.2.18]
	at org.springframework.web.filter.CompositeFilter.doFilter(CompositeFilter.java:74) ~[spring-web-6.2.18.jar:6.2.18]
	at org.springframework.security.config.annotation.web.configuration.WebMvcSecurityConfiguration$CompositeFilterChainProxy.doFilter(WebMvcSecurityConfiguration.java:240) ~[spring-security-config-6.5.10.jar:6.5.10]
	at org.springframework.web.filter.DelegatingFilterProxy.invokeDelegate(DelegatingFilterProxy.java:362) ~[spring-web-6.2.18.jar:6.2.18]
	at org.springframework.web.filter.DelegatingFilterProxy.doFilter(DelegatingFilterProxy.java:278) ~[spring-web-6.2.18.jar:6.2.18]
	at org.apache.catalina.core.ApplicationFilterChain.internalDoFilter(ApplicationFilterChain.java:162) ~[tomcat-embed-core-10.1.54.jar:10.1.54]
	at org.apache.catalina.core.ApplicationFilterChain.doFilter(ApplicationFilterChain.java:138) ~[tomcat-embed-core-10.1.54.jar:10.1.54]
	at org.springframework.web.filter.RequestContextFilter.doFilterInternal(RequestContextFilter.java:100) ~[spring-web-6.2.18.jar:6.2.18]
	at org.springframework.web.filter.OncePerRequestFilter.doFilter(OncePerRequestFilter.java:116) ~[spring-web-6.2.18.jar:6.2.18]
	at org.apache.catalina.core.ApplicationFilterChain.internalDoFilter(ApplicationFilterChain.java:162) ~[tomcat-embed-core-10.1.54.jar:10.1.54]
	at org.apache.catalina.core.ApplicationFilterChain.doFilter(ApplicationFilterChain.java:138) ~[tomcat-embed-core-10.1.54.jar:10.1.54]
	at org.springframework.web.filter.FormContentFilter.doFilterInternal(FormContentFilter.java:93) ~[spring-web-6.2.18.jar:6.2.18]
	at org.springframework.web.filter.OncePerRequestFilter.doFilter(OncePerRequestFilter.java:116) ~[spring-web-6.2.18.jar:6.2.18]
	at org.apache.catalina.core.ApplicationFilterChain.internalDoFilter(ApplicationFilterChain.java:162) ~[tomcat-embed-core-10.1.54.jar:10.1.54]
	at org.apache.catalina.core.ApplicationFilterChain.doFilter(ApplicationFilterChain.java:138) ~[tomcat-embed-core-10.1.54.jar:10.1.54]
	at org.springframework.web.filter.CharacterEncodingFilter.doFilterInternal(CharacterEncodingFilter.java:201) ~[spring-web-6.2.18.jar:6.2.18]
	at org.springframework.web.filter.OncePerRequestFilter.doFilter(OncePerRequestFilter.java:116) ~[spring-web-6.2.18.jar:6.2.18]
	at org.apache.catalina.core.ApplicationFilterChain.internalDoFilter(ApplicationFilterChain.java:162) ~[tomcat-embed-core-10.1.54.jar:10.1.54]
	at org.apache.catalina.core.ApplicationFilterChain.doFilter(ApplicationFilterChain.java:138) ~[tomcat-embed-core-10.1.54.jar:10.1.54]
	at org.apache.catalina.core.StandardWrapperValve.invoke(StandardWrapperValve.java:165) ~[tomcat-embed-core-10.1.54.jar:10.1.54]
	at org.apache.catalina.core.StandardContextValve.invoke(StandardContextValve.java:88) ~[tomcat-embed-core-10.1.54.jar:10.1.54]
	at org.apache.catalina.authenticator.AuthenticatorBase.invoke(AuthenticatorBase.java:492) ~[tomcat-embed-core-10.1.54.jar:10.1.54]
	at org.apache.catalina.core.StandardHostValve.invoke(StandardHostValve.java:113) ~[tomcat-embed-core-10.1.54.jar:10.1.54]
	at org.apache.catalina.valves.ErrorReportValve.invoke(ErrorReportValve.java:83) ~[tomcat-embed-core-10.1.54.jar:10.1.54]
	at org.apache.catalina.core.StandardEngineValve.invoke(StandardEngineValve.java:72) ~[tomcat-embed-core-10.1.54.jar:10.1.54]
	at org.apache.catalina.connector.CoyoteAdapter.service(CoyoteAdapter.java:342) ~[tomcat-embed-core-10.1.54.jar:10.1.54]
	at org.apache.coyote.http11.Http11Processor.service(Http11Processor.java:399) ~[tomcat-embed-core-10.1.54.jar:10.1.54]
	at org.apache.coyote.AbstractProcessorLight.process(AbstractProcessorLight.java:63) ~[tomcat-embed-core-10.1.54.jar:10.1.54]
	at org.apache.coyote.AbstractProtocol$ConnectionHandler.process(AbstractProtocol.java:903) ~[tomcat-embed-core-10.1.54.jar:10.1.54]
	at org.apache.tomcat.util.net.NioEndpoint$SocketProcessor.doRun(NioEndpoint.java:1797) ~[tomcat-embed-core-10.1.54.jar:10.1.54]
	at org.apache.tomcat.util.net.SocketProcessorBase.run(SocketProcessorBase.java:52) ~[tomcat-embed-core-10.1.54.jar:10.1.54]
	at org.apache.tomcat.util.threads.ThreadPoolExecutor.runWorker(ThreadPoolExecutor.java:973) ~[tomcat-embed-core-10.1.54.jar:10.1.54]
	at org.apache.tomcat.util.threads.ThreadPoolExecutor$Worker.run(ThreadPoolExecutor.java:491) ~[tomcat-embed-core-10.1.54.jar:10.1.54]
	at org.apache.tomcat.util.threads.TaskThread$WrappingRunnable.run(TaskThread.java:63) ~[tomcat-embed-core-10.1.54.jar:10.1.54]
	at java.base/java.lang.Thread.run(Thread.java:1474) ~[na:na]

2026-06-17T01:54:53.884+05:30  INFO 10776 --- [food-delivery-system] [org.springframework.amqp.rabbit.RabbitListenerEndpointContainer#0-2] o.s.a.r.l.SimpleMessageListenerContainer : Waiting for workers to finish.
2026-06-17T01:54:53.914+05:30  INFO 10776 --- [food-delivery-system] [org.springframework.amqp.rabbit.RabbitListenerEndpointContainer#0-2] o.s.a.r.l.SimpleMessageListenerContainer : Successfully waited for workers to finish.
2026-06-17T01:54:53.915+05:30  INFO 10776 --- [food-delivery-system] [SpringApplicationShutdownHook] o.s.b.w.e.tomcat.GracefulShutdown        : Commencing graceful shutdown. Waiting for active requests to complete
2026-06-17T01:54:53.920+05:30  INFO 10776 --- [food-delivery-system] [tomcat-shutdown] o.s.b.w.e.tomcat.GracefulShutdown        : Graceful shutdown complete
2026-06-17T01:54:54.058+05:30  INFO 10776 --- [food-delivery-system] [SpringApplicationShutdownHook] j.LocalContainerEntityManagerFactoryBean : Closing JPA EntityManagerFactory for persistence unit 'default'
2026-06-17T01:54:54.062+05:30  INFO 10776 --- [food-delivery-system] [SpringApplicationShutdownHook] com.zaxxer.hikari.HikariDataSource       : HikariPool-1 - Shutdown initiated...
2026-06-17T01:54:54.068+05:30  INFO 10776 --- [food-delivery-system] [SpringApplicationShutdownHook] com.zaxxer.hikari.HikariDataSource       : HikariPool-1 - Shutdown completed.
